"Time (s)","Linear Acceleration x (m/s^2)","Linear Acceleration y (m/s^2)","Linear Acceleration z (m/s^2)","Absolute acceleration (m/s^2)"
3.134833329E-3,2.671668206E-3,-2.089867964E-3,-6.232547164E-3,7.095773620E-3
1.319683333E-2,2.440751610E-2,1.030882392E-2,7.240022421E-3,2.746664554E-2
2.325883333E-2,-1.054684671E-3,1.116251741E-2,1.187861860E-2,1.633449523E-2
3.332083333E-2,4.038660431E-3,1.475398690E-3,-6.540110707E-3,7.826916854E-3
4.338283333E-2,1.466326369E-2,6.940845978E-3,-1.867659152E-2,2.473866843E-2
5.344483332E-2,1.179399842E-2,7.397604883E-3,8.706504107E-3,1.642029752E-2
6.350683332E-2,7.484228185E-3,3.673586324E-3,7.496715188E-3,1.121203133E-2
7.356883332E-2,-1.513192031E-2,4.140724037E-3,-3.113349974E-2,3.486280846E-2
8.362983333E-2,-1.871081600E-3,-8.920439109E-3,-9.074878693E-4,9.159624146E-3
9.369183333E-2,3.187901974E-3,2.095441092E-3,-1.932563245E-2,1.969857005E-2
1.037538333E-1,6.620564740E-3,2.556932587E-3,-1.139271498E-2,1.342250857E-2
1.138158333E-1,-9.623329248E-4,-5.942598358E-4,2.379115105E-2,2.381802044E-2
1.238778333E-1,2.663169187E-3,-1.316911737E-2,3.996338010E-2,4.216147378E-2
1.339398333E-1,-2.820504969E-4,-1.981438659E-3,-5.085908175E-3,5.465538729E-3
1.440018333E-1,1.361195716E-2,3.963955399E-3,1.482795417E-2,2.051503217E-2
1.540638333E-1,1.112502214E-2,1.334181122E-2,4.237243295E-2,4.579512112E-2
1.641258333E-1,8.831607113E-3,-6.339880116E-3,1.871401370E-2,2.164268174E-2
1.741868333E-1,1.854248471E-2,-7.166950498E-3,2.680305183E-2,3.337053350E-2
1.842488333E-1,-3.406573221E-2,1.658416539E-2,-6.943919420E-2,7.910316267E-2
1.943108333E-1,-3.361783549E-4,-9.613005258E-4,2.906767845E-2,2.908551263E-2
2.043728333E-1,-3.440745628E-2,6.568981335E-5,-1.251947343E-2,3.661440397E-2
2.144348333E-1,-1.216988303E-2,1.233150372E-2,-1.561849773E-2,2.332615503E-2
2.244968333E-1,-3.402841967E-3,9.290988129E-3,8.675513864E-3,1.315926801E-2
2.345588333E-1,5.919842639E-2,-1.049217068E-2,6.345339954E-2,8.741208867E-2
2.446208333E-1,1.189762479E-1,-1.470388357E-2,1.097791350E-1,1.625515618E-1
2.546828333E-1,3.029716883E-1,-8.024970923E-2,3.134698159E-1,4.432777743E-1
2.647438333E-1,2.788004134E-1,-8.184919680E-2,9.092613298E-1,9.545601748E-1
2.748058333E-1,-8.868911983E-1,2.458300657E-1,-2.356248398E0,2.529607664E0
2.848678333E-1,5.884891821E-1,-1.643857521E-1,1.431711218E0,1.556643570E0
2.949298333E-1,-1.462174617E-2,-2.118782446E-2,-9.577563822E-2,9.917505858E-2
3.049918333E-1,-2.144221306E-1,5.775927130E-2,-4.766860700E-1,5.258731718E-1
3.150538333E-1,2.701756059E-1,-8.948907740E-2,6.949035734E-1,7.509288444E-1
3.251158333E-1,-1.585739303E-1,5.512095278E-2,-4.458560407E-1,4.764153858E-1
3.351778333E-1,5.720963303E-2,-1.503861839E-2,1.320815849E-1,1.447226563E-1
3.452398333E-1,1.872373698E-2,7.849247474E-3,3.867114544E-2,4.367661276E-2
3.553018333E-1,2.490533342E-2,4.823733643E-3,6.787447929E-3,2.626049292E-2
3.653628333E-1,6.924565136E-3,8.389055114E-3,9.332740903E-3,1.433268645E-2
3.754248333E-1,2.002111307E-2,-2.059594005E-2,-4.589479566E-3,2.908781597E-2
3.854868333E-1,1.358746966E-2,-1.803897092E-2,3.344022632E-3,2.282994286E-2
3.955488333E-1,8.858933710E-3,-1.120308246E-2,7.998991013E-4,1.430488035E-2
4.056108333E-1,1.980558379E-2,-1.034127597E-2,1.127869427E-2,2.502822571E-2
4.156728333E-1,6.874683362E-3,-1.505837101E-2,-4.888857007E-3,1.726026453E-2
4.257348333E-1,2.308750945E-2,-1.564174041E-2,2.295266032E-2,3.611816373E-2
4.357968333E-1,6.950589814E-3,9.207007494E-3,-6.984499097E-3,1.348565584E-2
4.458588333E-1,1.333527650E-2,-8.944357876E-3,5.287637115E-3,1.690533181E-2
4.559208333E-1,2.518160522E-3,-3.642267175E-3,1.022619545E-2,1.114371195E-2
4.659818333E-1,2.631102919E-2,-4.700412210E-3,2.160253823E-2,3.436617217E-2
4.760438333E-1,7.095027461E-3,-1.545364279E-3,-9.083649516E-3,1.162928433E-2
4.861058333E-1,5.159190232E-3,2.786289621E-3,1.098107100E-3,5.965441551E-3
4.961678333E-1,9.657887206E-3,-8.261567540E-4,7.083317041E-3,1.200544462E-2
5.062298333E-1,2.127453684E-2,-1.130758317E-2,1.841872931E-3,2.416319207E-2
5.162918333E-1,1.658360580E-2,1.344311424E-3,4.970133305E-5,1.663807755E-2
5.263538333E-1,1.124298514E-2,-4.679234326E-3,7.834099531E-3,1.448009200E-2
5.364158333E-1,9.485291562E-3,-2.484171297E-3,-1.148977876E-3,9.872285105E-3
5.464778333E-1,-3.181248482E-3,-3.505497146E-3,9.178959131E-3,1.032773658E-2
5.565388333E-1,1.993028709E-2,-4.650729150E-4,8.579034805E-3,2.170328257E-2
5.666008333E-1,8.865160081E-3,-2.190421801E-3,-2.642941475E-3,9.506531994E-3
5.766628333E-1,1.970011692E-2,-1.895192228E-3,-1.295742989E-3,1.983343919E-2
5.867248333E-1,1.057798313E-2,-1.783510409E-3,9.177204967E-3,1.411721387E-2
5.967868333E-1,1.448809618E-2,4.519258160E-3,3.788411021E-3,1.564227232E-2
6.068488333E-1,1.370506493E-2,3.498571850E-3,-9.534469843E-3,1.705798713E-2
6.169108333E-1,6.994188116E-3,-7.372991759E-3,9.923894405E-3,1.420434282E-2
6.269728333E-1,-3.826954679E-3,-1.954272861E-2,1.156871617E-2,2.303039334E-2
6.370348333E-1,-1.393770645E-3,-2.877889909E-3,4.086034298E-3,5.188499130E-3
6.470968333E-1,1.044636596E-2,7.358172722E-4,1.691014767E-3,1.060789894E-2
6.571578333E-1,1.588774831E-2,-4.450937100E-3,5.732025504E-3,1.746675424E-2
6.672198333E-1,2.227690949E-2,2.832866348E-3,1.875319004E-2,2.925693020E-2
6.772818333E-1,1.110055062E-2,2.448375374E-3,1.486303747E-2,1.871167146E-2
6.873438333E-1,3.307846868E-2,9.521825239E-5,1.456599891E-2,3.614363680E-2
6.974058333E-1,-8.419120309E-3,-7.063619234E-4,-1.153070927E-3,8.527022136E-3
7.074678333E-1,9.763324382E-3,-2.502462119E-3,9.474828243E-3,1.383319160E-2
7.175297083E-1,4.749279858E-3,-1.419809941E-2,1.605879307E-2,2.195510239E-2
7.275917083E-1,-5.483569088E-4,-2.115995882E-2,2.738251090E-3,2.134344329E-2
7.376537083E-1,3.121747581E-2,-4.507417548E-3,-2.651127577E-3,3.165242623E-2
7.477157083E-1,1.131705064E-2,-4.811253492E-3,8.878412247E-3,1.516739923E-2
7.577767083E-1,6.073783839E-3,-1.822328612E-2,-5.340262055E-3,1.993733698E-2
7.678387083E-1,1.925608713E-2,1.329309661E-3,7.385033369E-3,2.066646253E-2
7.779007083E-1,1.403997106E-2,-5.105624255E-3,6.633666158E-3,1.634606109E-2
7.879627083E-1,-2.712694646E-3,-8.836367112E-3,-1.150147319E-3,9.314662357E-3
7.980247083E-1,1.037756982E-2,-6.248919368E-3,-5.943694711E-3,1.349334856E-2
8.080867083E-1,1.468766668E-2,-1.103294676E-2,-2.054711580E-3,1.848446121E-2
8.181487083E-1,3.996690670E-3,2.882348411E-3,1.837779880E-3,5.259173277E-3
8.282107083E-1,5.054630139E-3,7.954698354E-3,6.176413894E-3,1.126830069E-2
8.382727083E-1,2.012427532E-2,6.851401851E-3,-4.007096887E-3,2.163296073E-2
8.483347083E-1,2.888306632E-2,-1.427031253E-2,-7.898418903E-3,3.317014261E-2
8.583957083E-1,4.777083825E-3,8.635825887E-3,1.395671904E-2,1.709350827E-2
8.684577083E-1,7.627854988E-3,1.330004018E-3,2.353621244E-2,2.477713419E-2
8.785197083E-1,4.321336763E-3,-9.298735689E-3,-2.210247517E-3,1.048931032E-2
8.885817083E-1,9.912051510E-3,-5.427129753E-3,-4.008851051E-3,1.199055417E-2
8.986437083E-1,1.393046596E-3,-3.905245699E-3,3.508329391E-5,4.146414550E-3
9.087057083E-1,-9.184066309E-3,-1.319071552E-2,1.126758456E-2,1.962907312E-2
9.187677083E-1,1.376116622E-2,-6.244351231E-3,-5.645486712E-3,1.613174319E-2
9.288297083E-1,8.475511679E-3,-6.061150655E-3,8.574357033E-3,1.349412628E-2
9.388917083E-1,6.065933495E-3,2.741759419E-3,1.426603675E-2,1.574269984E-2
9.489537083E-1,1.715695042E-2,1.789613441E-4,-3.246958852E-3,1.746240867E-2
9.590147083E-1,1.974606325E-2,-1.098717403E-2,-4.745015502E-3,2.308982847E-2
9.690767083E-1,1.056538650E-2,6.246617027E-3,-3.545166850E-3,1.277559486E-2
9.791387083E-1,1.429626868E-2,3.728312608E-3,4.387750626E-3,1.541220194E-2
9.892007083E-1,7.854194767E-3,-7.908505350E-3,5.282959342E-3,1.233460545E-2
9.992627083E-1,-1.980392556E-3,6.952741407E-3,1.950221837E-2,2.079901654E-2
1.009324708E0,1.072282278E-2,-1.752136443E-3,1.246450961E-2,1.653520215E-2
1.019386708E0,6.408123518E-3,1.322656626E-2,-2.654635906E-3,1.493496548E-2
1.029448708E0,2.292076787E-2,-1.406291910E-3,2.580960989E-3,2.310845335E-2
1.039510708E0,2.047303432E-2,-1.199150641E-2,3.628197312E-3,2.400219107E-2
1.049572708E0,1.976196722E-2,-1.051956123E-2,-3.107795119E-3,2.260209962E-2
1.059633708E0,4.694395973E-3,-5.199965425E-3,-9.546164274E-3,1.184087186E-2
1.069695708E0,1.177341211E-2,-5.908081513E-3,3.040552139E-5,1.317268327E-2
1.079757708E0,-5.378524773E-5,-5.727621820E-3,-6.556482911E-3,8.706090554E-3
1.089819708E0,3.391805347E-3,-1.747685250E-2,2.276321054E-3,1.794787883E-2
1.099881708E0,1.499440796E-3,-1.962471753E-3,1.230721951E-2,1.255258021E-2
1.109943708E0,-2.504759892E-3,2.135896515E-3,1.066005886E-2,1.115673478E-2
1.120005708E0,1.585068244E-2,9.699489232E-3,7.216048837E-3,1.993478332E-2
1.130067708E0,1.457317089E-2,1.060758010E-3,1.140674829E-2,1.853689359E-2
1.140129708E0,3.287761454E-3,1.855577342E-4,9.161417484E-3,9.735264628E-3
1.150190708E0,1.117255589E-2,-8.761467934E-3,4.221104980E-3,1.481239524E-2
1.160252708E0,-6.342819713E-3,-4.512314592E-3,-1.617924571E-3,7.950473244E-3
1.170314708E0,7.019970682E-3,-9.762017895E-3,1.469522238E-2,1.898753650E-2
1.180376708E0,2.199157221E-2,-8.538871743E-3,1.140207052E-2,2.620207609E-2
1.190438708E0,2.092706376E-2,3.786364496E-3,1.693938375E-2,2.718862401E-2
1.200500708E0,-7.102197153E-4,1.010678435E-2,7.810710669E-3,1.279291613E-2
1.210562708E0,1.609597770E-2,-7.781200502E-3,4.818690419E-3,1.851613774E-2
1.220624708E0,1.056732567E-2,-5.061477777E-3,-2.815434337E-3,1.205046056E-2
1.230686708E0,-4.293957632E-4,4.356449749E-3,6.312654018E-3,7.681968231E-3
1.240748708E0,-7.899777924E-3,-8.864068296E-3,1.589039326E-2,1.983640078E-2
1.250809708E0,1.642158539E-3,-1.429004688E-3,2.232817769E-2,2.243404239E-2
1.260871708E0,1.399386256E-2,7.110195961E-3,5.710390806E-3,1.670304281E-2
1.270933708E0,1.660159741E-2,2.897130903E-3,-1.239609718E-4,1.685294545E-2
1.280995708E0,-5.089498730E-3,-9.706268348E-3,7.361059785E-3,1.320226661E-2
1.291057708E0,-4.886609484E-3,-1.759052603E-2,3.767945766E-3,1.864143164E-2
1.301119708E0,-7.437027907E-3,-2.010139352E-2,4.666078091E-3,2.193507899E-2
1.311181708E0,-5.994170343E-3,1.630148906E-3,8.707088828E-3,1.069583374E-2
1.321243708E0,-3.879945071E-3,-1.831691466E-2,-5.753660202E-4,1.873217506E-2
1.331305708E0,1.961137400E-2,-2.016083412E-3,1.858186662E-2,2.709162878E-2
1.341367708E0,-9.635823104E-4,3.143006321E-3,1.065011859E-2,1.114594122E-2
1.351428708E0,1.423896597E-2,-6.227430850E-3,1.707386971E-4,1.554214266E-2
1.361490708E0,1.254774335E-2,-6.967560444E-3,-3.571479321E-3,1.479013949E-2
1.371552708E0,4.430419311E-3,6.324677356E-4,7.652835846E-3,8.865355447E-3
1.381614708E0,1.180658821E-2,2.187571283E-3,6.005090475E-3,1.342542755E-2
1.391676708E0,-2.514736704E-4,1.687415075E-3,1.124770403E-2,1.137635507E-2
1.401738708E0,1.332158808E-2,6.335275434E-3,1.992964983E-2,2.479498671E-2
1.411800708E0,-6.374495176E-3,-3.907383587E-3,-1.569509625E-2,1.738499013E-2
1.421862708E0,9.014743734E-3,-4.074888043E-3,6.007429361E-3,1.157408850E-2
1.431924708E0,1.698179890E-2,-2.229177877E-3,-4.920431972E-3,1.782025192E-2
1.441986708E0,1.695059852E-3,-6.561142411E-3,1.394034684E-2,1.550016411E-2
1.452047708E0,8.374204100E-3,5.568011105E-3,-6.567007899E-3,1.201064672E-2
1.462109708E0,1.163546579E-2,1.435749086E-2,2.023078144E-2,2.740084169E-2
1.472171708E0,-1.293283047E-3,-7.940244768E-3,1.499401510E-2,1.701589130E-2
1.482233708E0,8.506657239E-3,2.531478927E-4,1.260016501E-2,1.520498140E-2
1.492295708E0,1.998341452E-2,-5.842464790E-3,6.755872965E-3,2.188865163E-2
1.502357708E0,6.765523155E-3,-2.362001035E-3,1.034489393E-2,1.258444210E-2
1.512419708E0,4.273485525E-3,-5.940095019E-3,1.229084730E-2,1.430427680E-2
1.522481708E0,-1.119641527E-2,-4.907147828E-3,8.845083117E-3,1.508891348E-2
1.532543708E0,-7.705282629E-4,-5.677719489E-3,-8.371458650E-3,1.014453214E-2
1.542604708E0,1.971536308E-2,2.317306381E-3,4.201224446E-3,2.029077961E-2
1.552666708E0,1.406813591E-2,3.429684341E-3,8.391339183E-3,1.673588229E-2
1.562728708E0,3.411530564E-3,-2.905609366E-3,4.646782279E-3,6.455516410E-3
1.572790708E0,6.794832323E-3,6.367325485E-3,1.953554749E-3,9.514670582E-3
1.582852708E0,1.034324712E-2,-1.020503584E-3,1.363044441E-2,1.714098023E-2
1.592914708E0,7.870772537E-3,2.425333690E-3,1.355969310E-3,8.346853096E-3
1.602976708E0,1.666783083E-2,-4.381282143E-3,7.194998860E-3,1.867565866E-2
1.613038708E0,9.229295435E-3,-1.133601526E-2,1.228558481E-2,1.909504465E-2
1.623100708E0,2.092601995E-3,-7.054373324E-3,1.528052866E-2,1.695988568E-2
1.633161708E0,6.668511909E-3,3.300954234E-3,7.648742795E-3,1.067092387E-2
1.643223708E0,2.089982168E-3,-8.322908487E-3,3.010731339E-3,9.094137361E-3
1.653285708E0,-3.957304191E-3,2.362275124E-3,1.154766619E-2,1.243339031E-2
1.663347708E0,1.814449718E-2,1.730695434E-2,-8.212999105E-3,2.638573100E-2
1.673409708E0,-5.207703849E-3,-1.319899298E-3,1.154766619E-2,1.273620462E-2
1.683471708E0,-1.091358590E-2,-2.146293595E-3,-7.285630703E-4,1.114646750E-2
1.693533708E0,8.614869558E-3,-8.397935573E-3,1.528462172E-2,1.945150278E-2
1.703595708E0,9.387611083E-3,-3.081957735E-3,6.002166867E-3,1.156078338E-2
1.713657708E0,6.547764621E-3,1.419583362E-2,2.022142589E-2,2.555975310E-2
1.723719833E0,5.721740343E-3,1.440406758E-3,3.607147336E-3,6.915532958E-3
1.733780833E0,4.218105997E-3,-5.684279334E-3,9.743215442E-3,1.204299368E-2
1.743842833E0,1.243983024E-2,-1.242038140E-2,-3.130014539E-3,1.785531410E-2
1.753904833E0,-3.186127252E-3,-7.944849450E-3,-1.630788445E-3,8.713868866E-3
1.763966833E0,2.274868386E-3,-8.355141263E-3,1.288726330E-2,1.552626700E-2
1.774028833E0,1.936256127E-2,-1.551960669E-3,1.672303677E-4,1.942537843E-2
1.784090833E0,8.371956577E-3,9.930052254E-3,1.663766742E-2,2.110705029E-2
1.794152833E0,9.618064470E-3,-2.696297318E-4,4.759633541E-4,9.633608123E-3
1.804214833E0,4.154554072E-3,4.257540442E-3,1.783400774E-4,5.951367518E-3
1.814276833E0,2.324466936E-3,5.308065824E-3,-3.411265612E-3,6.724242887E-3
1.824338833E0,1.785632081E-2,-3.826765101E-3,1.051212430E-2,2.107123825E-2
1.834399833E0,-2.579124598E-3,-4.120825231E-4,1.021274686E-2,1.054143700E-2
1.844461833E0,8.163421112E-3,9.999012854E-3,-3.107795119E-3,1.327705136E-2
1.854523833E0,2.659245157E-3,1.245073210E-3,8.117689490E-3,8.632419983E-3
1.864585833E0,1.204778586E-2,8.568729088E-4,1.111146390E-2,1.641182517E-2
1.874647833E0,9.297145978E-3,-9.882397447E-3,2.279069245E-2,2.652384521E-2
1.884709833E0,1.026419550E-2,1.831165217E-3,3.931083083E-3,1.114272362E-2
1.894771833E0,9.194602717E-3,2.455278743E-2,-1.208561003E-2,2.886939659E-2
1.904833833E0,3.342255219E-2,6.490226649E-3,2.204341829E-2,4.055986103E-2
1.914895833E0,1.556486551E-2,-7.668605056E-3,2.084941685E-2,2.712509401E-2
1.924957833E0,1.171967940E-2,9.391194787E-3,1.576584756E-2,2.177400685E-2
1.935018833E0,2.054939074E-2,-9.680357873E-3,2.145986617E-2,3.124920229E-2
1.945080833E0,2.697549673E-2,-2.808560204E-2,1.637571216E-2,4.224502828E-2
1.955142833E0,1.277328827E-3,-6.743210088E-3,-1.101498485E-2,1.297814865E-2
1.965204833E0,-2.457513933E-3,8.340450134E-3,9.490031004E-3,1.287102061E-2
1.975266833E0,-1.096778914E-2,3.387767114E-3,-5.178294182E-3,1.259301772E-2
1.985328833E0,4.712513206E-3,3.141562790E-3,9.638550282E-3,1.117939395E-2
1.995390833E0,1.802730847E-3,-1.087710019E-2,7.396143079E-3,1.327644830E-2
2.005452833E0,1.102951609E-3,-7.217309643E-3,2.056641161E-2,2.182391687E-2
2.015514833E0,-1.320346976E-3,-7.894760739E-2,1.068286300E-2,7.967804962E-2
2.025575833E0,2.611017276E-2,-2.056811279E-1,4.911661148E-5,2.073317870E-1
2.035637833E0,6.659023887E-2,-1.809117559E-1,-1.163829803E-2,1.931289034E-1
2.045699833E0,1.511427771E-1,-2.371892880E-1,-2.722522080E-2,2.825670010E-1
2.055761833E0,3.645218923E-1,-2.065030089E-2,5.240274668E-3,3.651439515E-1
2.065823833E0,6.171427681E-1,-1.123489132E-1,1.869881094E-2,6.275644349E-1
2.075885833E0,9.927290907E-1,-1.220281016E-2,-1.993725121E-2,9.930042548E-1
2.085947833E0,1.524755037E0,6.124947432E-2,3.349519014E-2,1.526352301E0
2.096009833E0,1.994950697E0,-2.388805403E-1,3.543763518E-2,2.009514375E0
2.106071833E0,1.943911814E0,-4.431079590E-1,2.780701876E-2,1.993968664E0
2.116133833E0,1.802610193E0,-3.400253112E-1,6.841827035E-3,1.834412040E0
2.126194833E0,1.956598956E0,1.926650248E-1,-1.740774572E-2,1.966138936E0
2.136256833E0,1.800745955E0,4.322944473E-1,4.814188063E-2,1.852533973E0
2.146318833E0,1.509173815E0,4.682231024E-1,-6.682373464E-2,1.581551102E0
2.156380833E0,1.523825914E0,3.802639124E-1,3.901203811E-2,1.571040419E0
2.166442833E0,1.608970730E0,4.295665384E-1,-1.186926305E-2,1.665369358E0
2.176504833E0,1.336817047E0,4.292820349E-1,-3.034704924E-3,1.404055588E0
2.186566833E0,1.314801257E0,6.310014731E-1,-1.350297511E-2,1.458440103E0
2.196628833E0,1.504357317E0,6.855934174E-1,4.189003766E-2,1.653748484E0
2.206690833E0,1.382342007E0,6.646330496E-1,-6.596243978E-3,1.533835071E0
2.216751833E0,1.204391573E0,5.169322360E-1,1.526824951E-2,1.310729231E0
2.226813833E0,1.179366002E0,2.247537221E-1,1.527994394E-2,1.200688085E0
2.236875833E0,1.332069108E0,2.379041284E-1,-1.779600084E-2,1.353263899E0
2.246937833E0,1.686449699E0,6.316174042E-1,-5.204606652E-3,1.800855414E0
2.256999833E0,1.651341408E0,5.127397459E-1,5.948547900E-2,1.730135549E0
2.267061833E0,1.564115569E0,3.044434325E-1,-6.250322700E-2,1.594694319E0
2.277123833E0,1.491021573E0,3.357907211E-1,-1.460751414E-2,1.528435186E0
2.287185833E0,1.227142577E0,3.193149850E-1,2.897002995E-2,1.268337584E0
2.297247833E0,1.616154473E0,4.874074880E-1,1.998753726E-2,1.688170856E0
2.307309833E0,1.924958210E0,4.697881097E-1,2.583065987E-2,1.981623628E0
2.317370833E0,1.987798822E0,6.197022405E-1,5.627360344E-3,2.082163944E0
2.327432833E0,1.528117478E0,8.339853718E-1,-3.372673988E-2,1.741209959E0
2.337494833E0,1.081985230E0,9.150635219E-1,-3.130131483E-2,1.417396578E0
2.347556833E0,8.063332312E-1,8.224684766E-1,1.166402578E-2,1.151852301E0
2.357618833E0,8.180440347E-1,9.125478304E-1,6.287043214E-2,1.227148026E0
2.367680833E0,9.912107880E-1,8.176282977E-1,-5.613560915E-2,1.286143875E0
2.377742833E0,1.263540618E0,6.479073085E-1,-5.926562369E-2,1.421207651E0
2.387804833E0,1.313902686E0,5.807773259E-1,-9.538562894E-3,1.436570066E0
2.397866833E0,1.132053695E0,6.160401294E-1,6.351128697E-2,1.290381607E0
2.407928833E0,8.376427321E-1,7.379306752E-1,1.292410076E-2,1.116402284E0
2.417989833E0,6.735887913E-1,1.088289771E0,-1.114572859E-1,1.284725345E0
2.428051833E0,8.846653826E-1,1.237986970E0,-3.778470755E-2,1.522061845E0
2.438113833E0,1.002221461E0,1.018245682E0,2.702875435E-2,1.428986591E0
2.448175833E0,1.085113782E0,8.050567840E-1,9.378933907E-2,1.354394620E0
2.458237833E0,1.374525010E0,1.011015527E0,-7.085772872E-2,1.707774053E0
2.468299833E0,1.111797112E0,1.198515852E0,6.239505351E-2,1.635978670E0
2.478361833E0,8.213875457E-1,1.470289685E0,-1.166110218E-1,1.688202413E0
2.488423833E0,6.161140236E-1,1.377180377E0,-1.136991084E-2,1.508758283E0
2.498485833E0,7.490280327E-1,1.393858975E0,-3.843901098E-2,1.582833975E0
2.508546833E0,6.604797723E-1,1.279050504E0,-1.086383432E-1,1.443608676E0
2.518608833E0,7.056520714E-1,1.144815608E0,-3.693510711E-2,1.345329634E0
2.528670833E0,7.933436416E-1,1.266637596E0,1.815735877E-2,1.494688804E0
2.538732833E0,6.655738666E-1,1.447389065E0,5.133270621E-3,1.593094482E0
2.548794833E0,2.676837053E-1,1.586274324E0,-5.819792211E-2,1.609753954E0
2.558856833E0,-7.236438717E-2,1.318656180E0,-3.946987510E-2,1.321229956E0
2.568918833E0,-1.819386960E-2,1.169663424E0,6.174308896E-2,1.171433204E0
2.578980833E0,2.705689956E-1,1.267230796E0,-9.079614937E-2,1.298970905E0
2.589042833E0,1.559111083E-1,1.031509433E0,1.145913935E-1,1.049500439E0
2.599103833E0,-1.070593483E-1,9.331874053E-1,-7.927479565E-2,9.426478296E-1
2.609165833E0,-7.625488418E-1,8.085388740E-1,-2.045063674E-2,1.111590786E0
2.619227833E0,-1.073016259E0,6.324830114E-1,-1.308723807E-2,1.245620298E0
2.629289833E0,-7.435375703E-1,8.323737330E-1,-3.837059855E-2,1.116766069E0
2.639351833E0,-2.878916095E-1,1.173809685E0,6.042337239E-2,1.210108152E0
2.649413833E0,-2.850950507E-1,9.690972763E-1,3.852730393E-3,1.010170066E0
2.659475833E0,-2.399121170E-1,8.559630820E-1,-8.594880760E-2,8.930945186E-1
2.669537833E0,-3.638896255E-1,7.704900916E-1,5.824586928E-2,8.540861913E-1
2.679599833E0,-6.559342930E-1,7.939673202E-1,-1.499249482E-1,1.040726377E0
2.689661833E0,-7.932495745E-1,8.996147396E-1,1.176342845E-2,1.199454020E0
2.699722833E0,-8.601459608E-1,8.135140505E-1,2.288892567E-2,1.184136853E0
2.709784833E0,-1.071091867E0,6.446730673E-1,-6.572094977E-2,1.251862770E0
2.719846958E0,-9.222525273E-1,9.140398206E-1,4.495105505E-2,1.299245595E0
2.729908958E0,-6.896472920E-1,9.633920749E-1,-6.954093575E-3,1.184814769E0
2.739970958E0,-1.075124911E0,6.904091111E-1,7.540803194E-2,1.279939329E0
2.750032958E0,-1.451341636E0,8.546978176E-1,-2.756435931E-2,1.684535752E0
2.760094958E0,-1.735633261E0,8.001593024E-1,-1.101609582E-1,1.914370174E0
2.770156958E0,-1.828819899E0,6.935735511E-1,-2.270181477E-2,1.956052623E0
2.780218958E0,-1.208237725E0,9.539367617E-1,1.993023455E-2,1.539555442E0
2.790280958E0,-8.437356039E-1,7.304970369E-1,-3.724033177E-2,1.116647900E0
2.800341958E0,-1.033593088E0,8.801910932E-1,5.638236165E-2,1.358760466E0
2.810403958E0,-1.103668094E0,1.099330629E0,-2.696735859E-2,1.557991763E0
2.820465958E0,-1.325479004E0,1.009434951E0,-5.341431499E-3,1.666097849E0
2.830527958E0,-1.641204383E0,1.479414265E0,-7.175469160E-2,2.210739046E0
2.840589958E0,-1.870650295E0,1.102915046E0,3.497921348E-2,2.171860416E0
2.850651958E0,-1.532518677E0,1.199622218E0,-1.381942642E-1,1.951103436E0
2.860713958E0,-1.296119257E0,9.608105291E-1,-1.546003819E-3,1.613407695E0
2.870775958E0,-9.894325767E-1,1.342690283E0,-3.926346838E-2,1.668333192E0
2.880837958E0,-1.425220370E0,8.010314146E-1,1.246959668E-1,1.639650424E0
2.890899958E0,-1.536727357E0,4.754709455E-1,-1.257262462E-1,1.613508810E0
2.900960958E0,-1.726775607E0,5.037110967E-1,-3.904770613E-3,1.798747929E0
2.911022958E0,-1.678329379E0,1.123096930E0,1.748317480E-2,2.019515258E0
2.921084958E0,-1.482852281E0,4.665329282E-1,2.780643404E-2,1.554759486E0
2.931146958E0,-7.639129972E-1,-2.201044365E-1,9.928572178E-3,7.950519523E-1
2.941208958E0,-5.578878521E-1,2.425465435E-1,8.256268501E-2,6.139090146E-1
2.951270958E0,-8.668470161E-1,1.306861762E0,-3.280755758E-2,1.568562319E0
2.961332958E0,-1.665750556E0,7.218128984E-1,-6.346450925E-2,1.816525948E0
2.971394958E0,-1.743836174E0,-7.668789974E-1,1.354858339E-2,1.905059464E0
2.981456958E0,-1.768391849E0,1.727756294E-1,3.033535480E-2,1.777071012E0
2.991517958E0,-1.933295901E0,2.851937773E-1,-2.143063009E-2,1.954335643E0
3.001579958E0,-1.885842823E0,9.883797855E-1,6.169981956E-2,2.130048032E0
3.011641958E0,-1.938223204E0,-4.539644478E-1,-3.659713805E-2,1.991012872E0
3.021703958E0,-1.016972889E0,-1.333845492E0,4.413653791E-2,1.677893229E0
3.031765958E0,-8.894831959E-1,3.825894597E-1,4.776181161E-2,9.694515156E-1
3.041827958E0,-1.810975512E0,-1.085678112E-1,-2.473898470E-2,1.814395572E0
3.051889958E0,-1.793841562E0,-3.539984755E-2,-4.914233923E-2,1.794863691E0
3.061951958E0,-1.033626052E0,-8.045588936E-1,-5.256296039E-2,1.310900718E0
3.072013958E0,-7.260030131E-1,1.091930064E-1,6.453922749E-2,7.369998640E-1
3.082075958E0,-1.080289756E0,-7.104374327E-2,1.688009298E-1,1.095703849E0
3.092136958E0,-1.753847192E0,-1.439564175E0,1.765683711E-2,2.269060764E0
3.102198958E0,-9.952212471E-1,-9.774161100E-1,4.599068999E-2,1.395680023E0
3.112260958E0,-1.210281912E0,6.290027121E-2,-7.733527422E-3,1.211939998E0
3.122322958E0,-1.759507297E0,1.348459109E-1,2.401159108E-2,1.764830276E0
3.132384958E0,-7.939133066E-1,-9.471612275E-1,-1.222360432E-2,1.235945851E0
3.142446958E0,1.543530446E-1,-4.229435069E-1,-1.697856009E-2,4.505489362E-1
3.152508958E0,-6.660064875E-1,-2.438537068E-1,1.000756806E-1,7.162711871E-1
3.162570958E0,-7.510742658E-1,-1.089474855E0,6.410887241E-2,1.324831295E0
3.172632958E0,-7.092099559E-1,-6.993927732E-1,4.864883423E-4,9.960568505E-1
3.182694958E0,-1.033176328E0,5.198669901E-2,3.899449646E-2,1.035218099E0
3.192755958E0,-1.411738445E0,1.234109681E-3,-4.823602080E-2,1.412562803E0
3.202817958E0,-1.172313017E0,-2.908568605E-1,1.763695657E-2,1.207984514E0
3.212879958E0,-1.054142104E0,-2.786008772E-1,-5.572805822E-2,1.091759883E0
3.222941958E0,-2.330728226E0,-4.207479140E-1,-6.685589433E-2,2.369344335E0
3.233003958E0,-1.846076201E0,1.480403906E-1,-2.674574912E-2,1.852195625E0
3.243065958E0,-1.010661770E0,-8.189304726E-1,1.548418719E-1,1.309984862E0
3.253127958E0,-6.364923741E-1,-2.079880920E-1,9.588790476E-2,6.764436998E-1
3.263189958E0,-8.089342189E-1,-5.364809398E-1,5.325117767E-2,9.721224497E-1
3.273251958E0,-6.938170145E-1,-1.342814390E0,4.119889677E-2,1.512028401E0
3.283312958E0,-5.097641709E-1,-3.893318110E-1,-5.941765130E-2,6.441810509E-1
3.293374958E0,-1.441889466E0,-3.766771938E-1,-9.561951756E-3,1.490309489E0
3.303436958E0,-1.378774766E0,-3.528928401E-1,2.271701753E-2,1.423400603E0
3.313498958E0,-1.303055955E0,-4.170006162E-1,-3.786598384E-2,1.368677525E0
3.323560958E0,-1.324169812E0,-9.300837032E-1,3.356243312E-2,1.618520257E0
3.333622958E0,-1.091520503E0,-8.673250991E-1,2.906358540E-2,1.394458507E0
3.343684958E0,-6.279588014E-1,-7.415621616E-1,6.094786763E-2,9.736330614E-1
3.353746958E0,-6.986407482E-1,-2.588645327E-1,5.031470597E-2,7.467538490E-1
3.363808958E0,-1.347861999E0,-6.293052690E-1,-3.691990435E-2,1.487991992E0
3.373869958E0,-1.474924919E0,-7.121589261E-1,-5.874054372E-2,1.638909486E0
3.383931958E0,-1.186234214E0,-7.237314429E-1,2.281642020E-2,1.389769550E0
3.393993958E0,-9.498951662E-1,-7.607185902E-1,7.972853959E-2,1.219569695E0
3.404055958E0,-7.491582064E-1,-6.112688745E-1,5.936619580E-2,9.687166770E-1
3.414117958E0,-9.231389652E-1,-6.923335759E-1,1.055188537E-2,1.153959562E0
3.424179958E0,-6.293136013E-1,-4.171445673E-1,1.126629817E-1,7.633728750E-1
3.434241958E0,-6.290626095E-1,-5.980387451E-1,-1.756035805E-2,8.681465737E-1
3.444303958E0,-1.280780402E0,-7.773200780E-1,-2.533481598E-2,1.498421435E0
3.454365958E0,-1.636335114E0,-9.872880372E-1,1.358892918E-2,1.911155392E0
3.464427958E0,-1.382929652E0,-1.040603680E0,-9.745320439E-2,1.733449615E0
3.474488958E0,-1.269195168E0,-1.157210902E0,1.281633657E-1,1.722329612E0
3.484550958E0,-9.289872772E-1,-1.552924291E0,8.146574736E-2,1.811415988E0
3.494612958E0,-5.139860433E-1,-1.437659152E0,2.967052639E-2,1.527064448E0
3.504674958E0,-4.738428248E-1,-1.011303648E0,1.305449367E-2,1.116885183E0
3.514736958E0,-1.249322674E0,-7.810961368E-1,2.699016273E-2,1.473650837E0
3.524798958E0,-1.722960737E0,-8.427043013E-1,9.179543853E-3,1.918027243E0
3.534860958E0,-1.688874978E0,-8.475419951E-1,-6.575135529E-2,1.890753650E0
3.544922958E0,-1.780368408E0,-1.114273701E0,6.475908279E-2,2.101311801E0
3.554984958E0,-1.574623600E0,-1.160757823E0,-5.135901868E-2,1.956894467E0
3.565045958E0,-9.785104895E-1,-2.046023641E0,2.451667356E-1,2.281184395E0
3.575107958E0,-1.451439870E0,-1.995390554E0,1.583893776E-2,2.467491040E0
3.585169958E0,-2.164403446E0,-1.097997464E0,-4.826993465E-2,2.427461780E0
3.595231958E0,-2.390662479E0,-8.127594674E-1,1.834856272E-2,2.525110237E0
3.605293958E0,-1.938307404E0,-1.008028404E0,2.715446949E-2,2.184924305E0
3.615355958E0,-1.308335845E0,-1.073380248E0,4.045162261E-2,1.692785920E0
3.625417958E0,-7.375764070E-1,-1.126568568E0,2.471384168E-2,1.346768899E0
3.635479958E0,-7.903348106E-1,-1.473757961E0,5.641627550E-2,1.673252652E0
3.645541958E0,-1.129778982E0,-2.004695667E0,6.983855903E-2,2.302190846E0
3.655603958E0,-1.220235993E0,-1.316715197E0,1.582256556E-3,1.795192828E0
3.665664958E0,-1.270260384E0,-1.067905061E0,-1.455506462E-1,1.665883446E0
3.675726958E0,-9.869574503E-1,-1.337006936E0,1.154655522E-1,1.665834580E0
3.685788958E0,-1.059642507E0,-1.196783395E0,4.344013453E-2,1.599068411E0
3.695850958E0,-1.429601396E0,-1.478424624E0,-1.105065286E-2,2.056604395E0
3.705912958E0,-2.141281655E0,-1.547289037E0,1.152737635E-1,2.644329504E0
3.715974958E0,-1.900069683E0,-1.739113963E0,8.225278258E-3,2.575820225E0
3.726036833E0,-1.054605642E0,-1.714432865E0,-4.774660885E-2,2.013393367E0
3.736098833E0,-1.603562494E0,-1.998222799E0,1.784324634E-1,2.568296161E0
3.746160833E0,-1.858501827E0,-1.959933623E0,3.559843361E-2,2.701228627E0
3.756221833E0,-1.762273614E0,-1.815630773E0,7.423624992E-3,2.530252656E0
3.766283833E0,-1.505261005E0,-1.940835886E0,1.091721940E-1,2.458571373E0
3.776345833E0,-1.558273177E0,-2.015754506E0,6.640682817E-3,2.547847253E0
3.786407833E0,-7.388185018E-1,-1.779255244E0,5.096316218E-2,1.927225790E0
3.796469833E0,-6.943472108E-1,-1.921505576E0,1.431573808E-2,2.043160950E0
3.806531833E0,-7.235183850E-1,-2.331439247E0,6.341890097E-2,2.441947947E0
3.816593833E0,-2.105781162E-1,-2.481580250E0,5.560877502E-2,2.491119430E0
3.826655833E0,-3.096928434E-1,-2.106297179E0,1.707182318E-1,2.135776715E0
3.836717833E0,-3.320997393E-1,-2.018490126E0,-8.634349465E-2,2.047449102E0
3.846778833E0,3.122180732E-1,-1.865171892E0,7.647047102E-2,1.892668499E0
3.856840833E0,1.883872201E-1,-1.754588473E0,2.903551877E-2,1.764911758E0
3.866902833E0,1.848512078E-1,-1.768520780E0,4.826291800E-3,1.778161694E0
3.876964833E0,1.119557976E0,-1.551761279E0,8.861981571E-2,1.915522540E0
3.887026833E0,4.568821353E-1,-1.659935208E0,3.291806996E-2,1.721978449E0
3.897088833E0,-1.031314063E0,-1.631042361E0,7.476249933E-3,1.929757439E0
3.907150833E0,3.337863321E-1,-1.233391058E0,4.345065951E-3,1.277765901E0
3.917212833E0,6.818615782E-1,-1.554443836E0,9.863083363E-2,1.700282004E0
3.927274833E0,8.996931653E-1,-1.627131889E0,-3.972130537E-2,1.859726797E0
3.937336833E0,1.132830644E0,-1.487400100E0,6.263478935E-2,1.870718429E0
3.947397833E0,5.075023948E-1,-1.451101462E0,6.806159019E-2,1.538793850E0
3.957459833E0,5.208256411E-1,-1.306044467E0,6.193312347E-2,1.407425739E0
3.967521833E0,5.818037681E-1,-1.196460190E0,1.409003556E-2,1.330492819E0
3.977583833E0,7.792312405E-1,-1.074370620E0,5.583330810E-2,1.328379055E0
3.987645833E0,1.069495723E0,-1.235766197E0,1.792113125E-2,1.634399083E0
3.997707833E0,9.965052956E-1,-1.118524115E0,8.104123950E-2,1.500228877E0
4.007769833E0,1.127069163E0,-4.705628657E-1,-6.014504492E-2,1.222837575E0
4.017831833E0,5.504209211E-1,-3.347150527E-1,8.046411932E-2,6.492086193E-1
4.027893833E0,-1.627169933E-1,-6.364472044E-1,2.422735333E-2,6.573650648E-1
4.037954833E0,-4.845640236E-1,-7.805475949E-1,6.374283671E-2,9.209343028E-1
4.048016833E0,-3.484275408E-1,-9.957072969E-1,-3.864483297E-2,1.055617447E0
4.058078833E0,1.313117350E-1,-8.862235925E-1,5.834527194E-2,8.977968581E-1
4.068140833E0,5.852591436E-1,-4.998864330E-1,1.503260672E-2,7.698315987E-1
4.078202833E0,8.058980522E-1,-8.397085534E-1,5.468842328E-2,1.165149325E0
4.088264833E0,6.640752983E-1,-1.345291271E0,5.093217194E-2,1.501132470E0
4.098326833E0,2.908787693E-1,-1.408043589E0,6.255994499E-2,1.439135488E0
4.108388833E0,6.476004758E-1,-1.390317901E0,4.974460244E-2,1.534550347E0
4.118450833E0,9.095603418E-1,-1.329811644E0,6.693483174E-2,1.612507146E0
4.128511833E0,4.735323011E-1,-1.284279961E0,3.425532818E-2,1.369226528E0
4.138573833E0,1.646671493E-1,-6.541002408E-1,-1.588513076E-2,6.746960296E-1
4.148635833E0,7.548489542E-2,-3.653146651E-1,1.576935589E-2,3.733650312E-1
4.158697833E0,-2.499413892E-1,-1.028244348E0,7.369830608E-2,1.060749064E0
4.168759833E0,5.158241156E-1,-8.533022334E-1,-1.647219121E-2,9.972314440E-1
4.178821833E0,1.570957542E0,-1.441270684E0,3.105105400E-2,2.132166258E0
4.188883833E0,1.887146460E0,-1.648365614E0,1.156971020E-1,2.508349413E0
4.198945833E0,1.976618507E0,-1.569876831E0,-4.277413666E-2,2.524552161E0
4.209007833E0,1.873041367E0,-1.444646867E0,8.888644874E-2,2.367105687E0
4.219069833E0,1.010115421E0,-1.197446104E0,-3.771044791E-2,1.567045760E0
4.229130833E0,5.234053961E-1,-1.198203976E0,6.822004974E-2,1.309312779E0
4.239192833E0,-7.634256318E-2,-1.470200661E0,8.659726381E-3,1.472206902E0
4.249254833E0,3.684874008E-1,-1.043101903E0,8.508985162E-2,1.109542621E0
4.259316833E0,1.478080807E0,-1.064824236E0,7.431869566E-2,1.823210574E0
4.269378833E0,1.720817440E0,-1.174000889E0,-7.662425280E-2,2.084553196E0
4.279440833E0,1.952950878E0,-9.237350889E-1,8.987579763E-2,2.162263006E0
4.289502833E0,1.611084060E0,-1.137152101E0,-8.656802773E-3,1.971999414E0
4.299564833E0,8.670679678E-1,-9.443363645E-1,9.378992379E-2,1.285447230E0
4.309626833E0,6.526856531E-1,-1.001614520E0,-1.275394678E-2,1.195572194E0
4.319687833E0,8.265781190E-1,-1.640238862E0,7.706103981E-2,1.838356144E0
4.329749833E0,1.188436860E0,-8.354003249E-1,6.608698547E-2,1.454181338E0
4.339811833E0,1.660899706E0,-6.543700898E-1,-4.126321614E-2,1.785634537E0
4.349873833E0,1.732603380E0,-6.383560279E-1,-2.964538336E-4,1.846459580E0
4.359935833E0,1.614807567E0,-2.931584159E-1,-5.076435685E-2,1.641987318E0
4.369997833E0,9.558018773E-1,-7.463485461E-1,1.110883266E-1,1.217757774E0
4.380059833E0,5.809123966E-1,-9.947923538E-1,1.989632070E-2,1.152157499E0
4.390121833E0,4.561191467E-1,-1.458634138E0,2.807716012E-2,1.528543931E0
4.400183833E0,8.992084312E-1,-1.309252980E0,7.175527632E-2,1.589927039E0
4.410245833E0,1.297169271E0,-1.166850621E0,7.843805909E-2,1.746522550E0
4.420306833E0,1.322995399E0,-5.782630232E-1,-3.331158757E-2,1.444234957E0
4.430368833E0,1.047807743E0,-2.145580052E-1,1.869354844E-3,1.069551166E0
4.440430833E0,3.940639626E-1,-5.085214914E-1,1.047879517E-2,6.434207947E-1
4.450492833E0,2.436940413E-1,-2.144327835E-1,3.515404522E-2,3.265026972E-1
4.460554833E0,4.103859900E-1,-6.804984460E-1,-2.249482334E-2,7.949847878E-1
4.470616833E0,1.109563988E0,-6.135273615E-1,3.067741692E-2,1.268262264E0
4.480678833E0,1.784735693E0,-1.027430634E0,-3.136095643E-2,2.059582170E0
4.490740833E0,2.424157961E0,-6.630966206E-1,1.329300159E-1,2.516725916E0
4.500802833E0,2.001189530E0,-6.368612603E-1,-7.339425087E-2,2.101365869E0
4.510863833E0,1.392124545E0,-5.134046108E-1,6.345456898E-2,1.485133504E0
4.520925833E0,5.773182959E-1,-5.386410474E-1,2.526464939E-2,7.899803132E-1
4.530987833E0,-2.982300715E-1,-4.903600761E-1,-5.519888520E-2,5.765770519E-1
4.541049833E0,-3.510393824E-1,1.094189282E-1,7.901342511E-3,3.677819749E-1
4.551111833E0,-7.259408864E-1,-1.017982484E0,3.885533273E-2,1.250914963E0
4.561173833E0,-4.035985786E-3,2.051299182E-1,1.186283112E-2,2.055122850E-1
4.571235833E0,1.513021137E0,-7.726985849E-3,9.253043354E-2,1.515867589E0
4.581297833E0,1.417570604E0,-1.474582564E0,6.545957923E-2,2.046505586E0
4.591359833E0,2.064907224E0,2.349351132E-1,1.149387181E-2,2.078260922E0
4.601420833E0,9.372531936E-1,-1.139944220E0,1.326206982E-2,1.475836121E0
4.611482833E0,3.055066025E-2,-6.849684962E-1,4.005985916E-2,6.868187359E-1
4.621544833E0,-3.212931711E-1,3.728549420E-1,5.120406747E-3,4.922157333E-1
4.631606833E0,-1.352223145E0,-7.641428659E-1,-4.104803860E-2,1.553739584E0
4.641668833E0,-9.466940349E-1,-6.964340090E-1,6.535140574E-2,1.177081446E0
4.651730833E0,1.537021764E0,3.178650582E-1,1.250836372E-2,1.569595667E0
4.661792833E0,2.235567715E0,-1.310245691E0,3.908571303E-2,2.591531299E0
4.671854833E0,2.246819950E0,-1.347151562E0,4.274723947E-2,2.620084836E0
4.681916833E0,2.498710838E0,-2.792489497E-1,5.589938164E-2,2.514887784E0
4.691977833E0,1.780424249E0,-7.019198667E-1,2.609319985E-2,1.913970444E0
4.702039833E0,6.156747515E-1,-7.513434570E-1,-2.305030882E-2,9.716499919E-1
4.712101833E0,4.667435010E-1,2.901762629E-1,-4.837459981E-2,5.517171931E-1
4.722164083E0,5.850899764E-1,-6.449176271E-1,8.586636186E-2,8.749983190E-1
4.732226083E0,1.524728140E0,-5.763815354E-1,-3.463832080E-2,1.630402216E0
4.742288083E0,2.290073120E0,-3.048447525E-1,1.109766448E-1,2.312937750E0
4.752350083E0,2.228637595E0,-3.306870885E-1,2.547281027E-2,2.253181826E0
4.762412083E0,2.364733147E0,1.500346475E-1,-6.465675652E-2,2.370369960E0
4.772474083E0,2.505495070E0,-4.082429489E-1,5.031295180E-2,2.539035101E0
4.782535083E0,2.901934244E0,-4.522301453E-2,-2.617856920E-2,2.902404658E0
4.792597083E0,3.112609132E0,3.493235352E-2,-8.876073360E-4,3.112805273E0
4.802659083E0,3.074791388E0,1.518303365E-1,2.784970343E-2,3.078663693E0
4.812721083E0,2.839956097E0,4.582191742E-1,-2.890804946E-2,2.876830047E0
4.822783083E0,2.890294192E0,4.648488204E-1,6.596127033E-2,2.928179611E0
4.832845083E0,3.336030073E0,6.972202402E-1,-5.322369576E-2,3.408525410E0
4.842907083E0,4.009651828E0,5.518948946E-1,5.227001488E-2,4.047792967E0
4.852969083E0,4.275383805E0,8.350637446E-1,-6.825045526E-2,4.356707044E0
4.863031083E0,4.106874359E0,6.409697333E-1,-4.998492301E-2,4.156892793E0
4.873093083E0,3.731992114E0,5.750262239E-1,6.014446020E-3,3.776037139E0
4.883154083E0,3.412408742E0,9.149630959E-1,2.009395659E-2,3.533000801E0
4.893216083E0,3.452302833E0,6.879881445E-1,-8.887650847E-2,3.521309639E0
4.903278083E0,3.564090779E0,7.580253627E-1,5.379146039E-2,3.644206231E0
4.913340083E0,3.766829533E0,9.037467476E-1,-2.809879482E-2,3.873829172E0
4.923402083E0,3.543372047E0,9.257318399E-1,-1.072086990E-2,3.662318916E0
4.933464083E0,2.738414520E0,1.310117784E0,1.924611032E-2,3.035736007E0
4.943526083E0,2.145098863E0,1.291378334E0,-5.692966104E-2,2.504465636E0
4.953588083E0,2.332930579E0,1.051352105E0,-4.657131851E-2,2.559311475E0
4.963650083E0,2.744966910E0,1.204401148E0,4.864123285E-2,2.997964548E0
4.973711083E0,2.533589771E0,1.161857318E0,-3.891672850E-2,2.787562388E0
4.983773083E0,2.795377218E0,1.231444082E0,-5.091755390E-3,3.054605415E0
4.993835083E0,2.706222674E0,1.478018681E0,2.277490497E-2,3.083617855E0
5.003897083E0,2.219430276E0,1.483866042E0,-1.298666596E-2,2.669812323E0
5.013959083E0,1.564529552E0,1.531500531E0,-7.913212359E-2,2.190778055E0
5.024021083E0,1.247447472E0,1.633630923E0,2.055881023E-2,2.055552931E0
5.034083083E0,7.576705829E-1,1.586646791E0,-7.267562807E-2,1.759771150E0
5.044145083E0,8.827802403E-1,1.516908951E0,-4.436867237E-2,1.755642986E0
5.054207083E0,1.530817722E0,1.390551790E0,1.488993466E-2,2.068153497E0
5.064268083E0,2.134176703E0,1.243539340E0,-2.090087235E-2,2.470128971E0
5.074330083E0,1.674742696E0,1.565141463E0,-8.299011648E-2,2.293756364E0
5.084392083E0,1.156823816E0,1.576723189E0,3.467925131E-2,1.955888547E0
5.094454083E0,7.944589249E-1,1.542540074E0,-2.400106609E-2,1.735272577E0
5.104516083E0,5.002302492E-1,1.376307534E0,-9.556747735E-2,1.467510093E0
5.114578083E0,-2.827894570E-1,1.432647357E0,-4.689525425E-2,1.461043289E0
5.124640083E0,-5.367904767E-1,1.403467558E0,-3.715788603E-2,1.503078811E0
5.134702083E0,-1.824488610E-1,1.236966923E0,-5.932526529E-2,1.251756463E0
5.144764083E0,-5.597512866E-1,1.520587142E0,4.745600224E-3,1.620348505E0
5.154825083E0,-7.502215956E-1,1.800948561E0,1.345035017E-2,1.951007194E0
5.164887083E0,-6.621855513E-1,1.706329940E0,1.254368091E-1,1.834607850E0
5.174949083E0,-9.348773968E-1,1.244597101E0,-2.372326487E-1,1.574578363E0
5.185011083E0,1.530119857E-1,1.103109393E0,-1.492911100E-2,1.113771017E0
5.195073083E0,1.129571990E0,9.637901971E-1,3.805952668E-2,1.485352804E0
5.205135083E0,8.433952229E-1,1.054821916E0,-3.705439031E-2,1.351050630E0
5.215197083E0,1.226267834E-1,1.336141402E0,1.186347431E-1,1.346991231E0
5.225259083E0,-4.931800786E-1,1.060031274E0,-2.250271708E-1,1.190600739E0
5.235321083E0,-1.341859832E0,1.221111540E0,1.201655442E-1,1.818279671E0
5.245382083E0,-2.475139542E0,1.647631350E0,-1.688716811E-1,2.978174351E0
5.255444083E0,-2.384598624E0,1.512634490E0,5.702146232E-2,2.824469002E0
5.265506083E0,-1.712293808E0,7.223559585E-1,-9.803617179E-2,1.861010292E0
5.275568083E0,-6.728148392E-1,6.106007205E-1,-9.399399161E-2,9.134264711E-1
5.285630083E0,4.223827224E-1,7.848713916E-1,-3.412435055E-3,8.913147088E-1
5.295692083E0,-3.145183678E-1,8.274929890E-1,6.786804736E-2,8.878471278E-1
5.305754083E0,-1.120551637E0,1.217519961E0,2.760002732E-2,1.654917698E0
5.315816083E0,-1.992261563E0,1.522967689E0,1.519925237E-2,2.507741561E0
5.325878083E0,-2.869196561E0,1.380289049E0,-5.976497591E-2,3.184502884E0
5.335939083E0,-2.696429757E0,1.113382073E0,-7.490867972E-3,2.917260563E0
5.346001083E0,-1.289441152E0,7.590434361E-1,-9.341102421E-2,1.499176788E0
5.356063083E0,-1.124444603E-1,3.838310429E-1,2.891915917E-2,4.010066632E-1
5.366125083E0,-2.346108303E-1,6.724347702E-1,-8.961091876E-2,7.178028132E-1
5.376187083E0,-7.097533815E-1,4.401183142E-1,1.625946951E-1,8.508178583E-1
5.386249083E0,-1.762983613E0,2.768256625E-1,6.285815299E-2,1.785691690E0
5.396311083E0,-2.802740616E0,7.061178021E-1,2.631773293E-2,2.890441132E0
5.406373083E0,-2.950223767E0,9.199570566E-1,4.366934538E-2,3.090638813E0
5.416435083E0,-2.914129490E0,6.336191985E-1,-1.102182609E-1,2.984254017E0
5.426496083E0,-2.320928146E0,3.790317214E-1,4.785244346E-2,2.352161211E0
5.436558083E0,-1.522721960E0,3.232115695E-1,-4.751798272E-2,1.557371454E0
5.446620083E0,-1.140711740E0,2.235007186E-1,6.822531223E-3,1.162420919E0
5.456682083E0,-1.375283833E0,-3.721036479E-2,6.401005447E-2,1.377275397E0
5.466744083E0,-1.692006162E0,-2.010163289E-1,1.012386918E-2,1.703935125E0
5.476806083E0,-2.069339121E0,-2.013845573E-1,-6.496256590E-4,2.079115331E0
5.486868083E0,-2.635578076E0,-2.492770724E-1,1.881400108E-2,2.647407188E0
5.496930083E0,-2.719246177E0,-1.233926773E-1,-6.216058016E-2,2.722754022E0
5.506992083E0,-2.278974520E0,-3.371502718E-1,3.259530365E-2,2.304009033E0
5.517053083E0,-2.264333531E0,-4.574357935E-1,1.194995463E-2,2.310107496E0
5.527115083E0,-2.228111784E0,-4.643572889E-1,5.461767197E-2,2.276640706E0
5.537177083E0,-1.692545129E0,-9.712804439E-2,-1.137768763E-1,1.699143328E0
5.547239083E0,-1.775040425E0,-1.645913913E-1,1.011708641E-1,1.785523559E0
5.557301083E0,-1.944663620E0,-2.423366650E-1,-9.956287980E-2,1.962232509E0
5.567363083E0,-1.770873992E0,-8.272282563E-2,2.572540998E-2,1.772991697E0
5.577425083E0,-1.744769828E0,-6.986074191E-2,-1.917594373E-2,1.746273173E0
5.587487083E0,-1.836765095E0,-6.945328234E-2,1.390473729E-1,1.843329581E0
5.597549083E0,-1.961598033E0,-1.340167392E-1,-2.202125734E-1,1.978464280E0
5.607610083E0,-2.164918731E0,-1.089072238E-1,1.565510130E-1,2.173302123E0
5.617672083E0,-1.804126084E0,4.808223903E-2,-4.013938129E-2,1.805213006E0
5.627734083E0,-9.376097276E-1,2.480607054E-1,3.081190288E-2,9.703584329E-1
5.637796083E0,-6.826594307E-1,1.112962865E-1,1.360530138E-2,6.918062344E-1
5.647858083E0,-9.859539219E-1,-2.901955404E-1,1.300069928E-2,1.027855829E0
5.657920083E0,-1.073713320E0,-1.737153135E-1,-5.376514792E-2,1.089003211E0
5.667982083E0,-1.003523270E0,-3.829804557E-1,2.975706518E-2,1.074531743E0
5.678044083E0,-8.314237066E-1,-6.028648907E-1,2.975706518E-2,1.027422474E0
5.688106083E0,-4.968585254E-1,-5.458714219E-1,1.253993869E-2,7.382420021E-1
5.698167083E0,-7.008647184E-2,-1.183208207E-1,1.837838352E-2,1.387432706E-1
5.708229083E0,4.244870257E-2,5.616619740E-2,1.238908052E-2,7.148442765E-2
5.718291083E0,1.506905360E-2,-9.384050220E-4,9.095928669E-3,1.762648288E-2
5.728352583E0,3.409230507E-3,1.715695499E-2,-1.981621385E-3,1.760428301E-2
5.738414583E0,7.952459967E-3,1.297773069E-2,1.208853364E-2,1.943696887E-2
5.748476583E0,9.917266038E-4,2.021528631E-2,-1.665403962E-2,2.621065352E-2
5.758538583E0,3.322803634E-3,2.049118353E-2,6.993269920E-3,2.190514667E-2
5.768600583E0,7.539112070E-3,2.893189514E-2,7.889648080E-3,3.092150245E-2
5.778662583E0,-1.229099577E-2,2.684153382E-2,1.746680260E-2,3.430197819E-2
5.788723583E0,3.231111984E-4,3.693448585E-2,2.120843589E-2,4.259176444E-2
5.798785583E0,1.854873621E-2,1.921453536E-2,6.091044545E-3,2.739260498E-2
5.808847583E0,1.961703849E-2,2.357326917E-2,9.381857514E-3,3.207095991E-2
5.818909583E0,1.528245642E-2,2.866853289E-2,9.830338955E-3,3.394221290E-2
5.828971583E0,-3.803586373E-3,2.245328983E-2,8.334621191E-3,2.425043101E-2
5.839033583E0,1.033995121E-2,1.048869889E-1,1.327785730E-2,1.062285109E-1
5.849095583E0,2.604966550E-2,1.078934262E-1,-1.171782017E-2,1.116104108E-1
5.859157583E0,2.063452026E-2,5.625719469E-2,-1.456190586E-2,6.166607238E-2
5.869219583E0,-3.328384984E-2,-1.246396326E-1,1.328078091E-2,1.296889811E-1
5.879280583E0,-7.080635545E-3,-7.546979316E-2,2.354673743E-3,7.583778456E-2
5.889342583E0,1.073334548E-2,2.543131331E-2,1.612662077E-2,3.196911477E-2
5.899404583E0,2.209738169E-3,1.527829941E-2,-9.469565749E-3,1.811027474E-2
5.909466583E0,1.605077370E-2,3.583943026E-2,7.444674969E-3,3.996892897E-2
5.919528583E0,1.905182516E-2,1.663403118E-2,2.353504300E-3,2.540082711E-2
5.929590583E0,-1.760392437E-2,2.063018281E-2,2.375665247E-2,3.605386433E-2
5.939652583E0,-2.168855625E-3,3.239447007E-2,8.638676405E-3,3.359661227E-2
5.949714583E0,1.465024450E-4,2.594857262E-2,2.375899136E-2,3.518294409E-2
5.959776583E0,1.132804386E-3,2.653362310E-2,1.492969573E-2,3.046657537E-2
5.969837583E0,3.612690771E-3,1.947451718E-2,1.013848722E-2,2.225078150E-2
5.979899583E0,9.316606242E-3,2.471517557E-2,7.893156409E-3,2.756702693E-2
5.989961583E0,9.610833109E-3,2.934702918E-2,-1.876956224E-4,3.088124778E-2
6.000023583E0,3.119443869E-2,2.060842020E-2,1.717970431E-2,4.114537919E-2
6.010085583E0,2.300867710E-2,1.948299564E-2,1.059515476E-2,3.195690294E-2
6.020147583E0,2.356247695E-2,2.478638370E-2,-1.677566171E-3,3.423987975E-2
6.030209583E0,-8.362875120E-3,1.600622294E-2,8.950332999E-3,2.015552813E-2
6.040271583E0,1.485400169E-2,1.367844639E-2,-2.689719200E-5,2.019262205E-2
6.050333583E0,3.344744397E-4,1.397513777E-2,7.313112617E-3,1.577650040E-2
6.060394583E0,-1.898458446E-3,2.235218782E-2,-4.209410548E-3,2.282418853E-2
6.070456583E0,3.626404318E-3,3.690069990E-2,5.522695184E-3,3.748749957E-2
6.080518583E0,-1.306624291E-4,2.778236909E-2,1.719900012E-2,3.267541446E-2
6.090580583E0,-2.052692464E-4,1.539544472E-2,8.821694255E-3,1.774497516E-2
6.100642583E0,1.243602955E-2,1.108173447E-2,-4.347989559E-3,1.721524566E-2
6.110704583E0,-1.580737650E-3,1.311358709E-2,5.083569288E-3,1.415300585E-2
6.120766583E0,-1.423718896E-2,4.041756257E-2,1.272003293E-2,4.469984510E-2
6.130828583E0,8.678416915E-3,1.628749229E-2,1.473498344E-4,1.845586728E-2
6.140890583E0,1.699278299E-2,1.271665251E-2,4.340388179E-3,2.166349220E-2
6.150951583E0,1.163094562E-2,1.138233617E-2,2.546462417E-3,1.647182271E-2
6.161013583E0,6.538600938E-3,1.436929492E-2,7.784982920E-3,1.760215606E-2
6.171075583E0,1.143908842E-2,-6.414761022E-4,1.137809694E-2,1.614699122E-2
6.181137583E0,3.388100816E-2,1.771001022E-2,1.167864382E-2,3.997446557E-2
6.191199583E0,4.017192470E-3,3.110775372E-2,7.525366545E-4,3.137509344E-2
6.201261583E0,1.677490796E-3,2.628206491E-2,7.491452694E-3,2.738033555E-2
6.211323583E0,1.613968564E-4,3.017875906E-2,5.249630213E-3,3.063237119E-2
6.221385583E0,-2.977034475E-3,2.093977461E-2,9.892319441E-3,2.334940853E-2
6.231447583E0,2.107087558E-3,2.335624611E-2,7.048818469E-3,2.448754565E-2
6.241508583E0,-5.533361784E-4,1.684147943E-2,1.258905530E-2,2.103392316E-2
6.251570583E0,-1.348488985E-3,1.122678196E-2,1.692944348E-2,2.035841625E-2
6.261632583E0,-6.069391575E-3,1.012863832E-2,-4.172573090E-3,1.252346575E-2
6.271694583E0,-6.058035186E-3,8.963781595E-3,1.125238180E-2,1.560978113E-2
6.281756583E0,1.260176157E-2,3.470666014E-2,1.978697777E-2,4.189130150E-2
6.291818583E0,-8.253902206E-3,9.991064295E-3,1.380176783E-2,1.893243414E-2
6.301880583E0,-2.627064914E-3,1.163639769E-2,1.978697777E-3,1.209224818E-2
6.311942583E0,-1.930403430E-3,2.501550319E-2,1.006364286E-2,2.703292002E-2
6.322004583E0,4.712673090E-3,5.383330453E-3,-5.642563105E-4,7.176901811E-3
6.332065583E0,-9.736701278E-3,2.566149261E-2,-3.257483840E-3,2.763922495E-2
6.342127583E0,6.099173545E-3,6.251057256E-3,9.338003397E-4,8.783371666E-3
6.352189583E0,-5.202927862E-3,1.319853617E-2,2.276905775E-3,1.436858084E-2
6.362251583E0,7.268552722E-3,1.352925103E-2,4.075509310E-3,1.588969063E-2
6.372313583E0,1.150816779E-2,2.517242784E-2,8.117689490E-3,2.884416634E-2
6.382375583E0,-7.105344599E-3,1.969097380E-2,-4.157955050E-3,2.134265591E-2
6.392437583E0,1.676125152E-2,1.829920856E-2,-1.029694676E-2,2.686685131E-2
6.402499583E0,-1.467940749E-2,1.728396747E-2,9.608729482E-3,2.462819965E-2
6.412561583E0,9.783419617E-4,1.164878648E-2,1.634413719E-2,2.009433253E-2
6.422622583E0,-8.117081928E-3,1.973345747E-2,-2.900979102E-2,3.601200269E-2
6.432684583E0,2.013653620E-2,1.332543902E-2,2.577861965E-2,3.532116428E-2
6.442746583E0,2.207783463E-2,2.822324915E-2,5.422123075E-3,3.624061248E-2
6.452808583E0,-9.398120083E-3,3.914709052E-2,-4.367577732E-2,5.940027678E-2
6.462870583E0,-4.719496517E-2,3.495841932E-2,-6.209801495E-2,8.547291547E-2
6.472932583E0,2.551838657E-2,1.007561138E-2,3.179715872E-3,2.761913451E-2
6.482994583E0,2.092392682E-1,-5.621712299E-2,5.222972757E-1,5.654519259E-1
6.493056583E0,-1.912346314E-1,6.379074734E-2,-5.189246017E-1,5.567070019E-1
6.503118583E0,6.992508869E-2,4.812002666E-3,1.569176334E-1,1.718598763E-1
6.513179583E0,-2.822492109E-4,2.056915250E-2,4.683619738E-3,2.109753523E-2
6.523241583E0,1.929174144E-2,2.335361486E-2,2.069855869E-2,3.668777653E-2
6.533303583E0,2.508421254E-3,8.773472998E-3,9.373086691E-4,9.173034023E-3
6.543365583E0,-3.659623812E-3,1.520509958E-2,8.272640705E-3,1.769249796E-2
6.553427583E0,-8.936153501E-3,1.777968345E-2,8.424083591E-3,2.160872896E-2
6.563489583E0,-2.476814312E-3,2.360378433E-2,1.890346348E-2,3.034162447E-2
6.573551583E0,9.300588069E-3,1.668272752E-2,4.326939583E-5,1.910016252E-2
6.583613583E0,1.299580909E-2,1.302401505E-2,2.144700229E-2,2.825756411E-2
6.593674583E0,-3.294563410E-3,1.111219481E-2,6.180506945E-3,1.313520794E-2
6.603736583E0,5.307526784E-3,9.844463635E-3,4.911661148E-4,1.119484475E-2
6.613798583E0,9.360056079E-3,9.746102504E-3,2.286846042E-3,1.370499284E-2
6.623860583E0,1.266334006E-2,2.062886719E-2,1.785213411E-2,3.007671916E-2
6.633922583E0,5.207014061E-3,2.372494960E-2,-7.743467689E-3,2.549406835E-2
6.643984583E0,-6.323192711E-3,3.267106164E-2,1.537817717E-3,3.331284915E-2
6.654046583E0,-4.080991074E-4,1.120242465E-2,1.605820835E-2,1.958384330E-2
6.664108583E0,2.091861956E-3,2.067542564E-2,-4.052120447E-4,2.078492985E-2
6.674170583E0,9.150997563E-3,1.893560490E-2,-6.687460542E-3,2.206853003E-2
6.684232583E0,9.359501051E-3,1.365381500E-2,7.985542417E-3,1.837922228E-2
6.694293583E0,8.320112787E-3,1.729324993E-2,6.640098095E-3,2.030693656E-2
6.704355583E0,1.413893290E-3,2.151868550E-2,1.577286422E-2,2.671771258E-2
6.714417583E0,7.502105590E-3,2.690987315E-2,9.640889168E-3,2.955282736E-2
6.724479875E0,1.631407428E-3,1.390358247E-2,5.304594040E-3,1.497029771E-2
6.734541875E0,2.634970075E-3,1.520992354E-2,1.264168024E-3,1.548815554E-2
6.744603875E0,4.015417749E-3,8.182008862E-3,9.646151662E-3,1.327091145E-2
6.754665875E0,1.451007578E-2,1.388624182E-2,6.899714470E-5,2.008419208E-2
6.764727875E0,1.087509935E-2,2.518105248E-2,9.495293498E-3,2.902608807E-2
6.774788875E0,1.569799245E-3,2.489124985E-2,1.278786063E-2,2.802798545E-2
6.784850875E0,1.308595899E-2,9.726623967E-3,2.027288139E-2,2.601613454E-2
6.794912875E0,2.225800882E-2,1.616267251E-2,8.148095012E-3,2.868871540E-2
6.804974875E0,-6.216908146E-3,2.966732869E-2,-4.276653528E-3,3.061192748E-2
6.815036875E0,1.346938103E-4,1.071602767E-2,1.144241631E-2,1.567738124E-2
6.825098875E0,4.211532448E-3,5.005362779E-3,7.401405573E-3,9.877827016E-3
6.835160875E0,-2.086864414E-3,1.391728688E-2,8.001914620E-3,1.618877743E-2
6.845222875E0,1.236048855E-3,1.707028829E-2,-6.215005517E-3,1.820848298E-2
6.855284875E0,5.790707795E-3,2.613869850E-3,1.159970641E-2,1.322564937E-2
6.865345875E0,-1.247780517E-2,2.432874771E-2,-4.864298701E-3,2.777129793E-2
6.875407875E0,9.154298042E-3,2.761879323E-2,1.145235658E-2,3.126908031E-2
6.885469875E0,1.819698507E-2,1.916364631E-2,3.220646381E-3,2.662232463E-2
6.895531875E0,8.660751928E-3,3.216929745E-2,3.673220873E-3,3.351663578E-2
6.905593875E0,1.143648230E-2,2.137732906E-2,3.975521922E-3,2.456803004E-2
6.915655875E0,8.441648078E-3,5.737945810E-3,-9.644982219E-3,1.404318790E-2
6.925717875E0,2.174236891E-3,1.563344467E-3,-2.756962180E-3,3.843460998E-3
6.935779875E0,1.138536713E-2,1.410514696E-2,5.177124739E-3,1.885164120E-2
6.945841875E0,-2.086017025E-4,8.333159387E-3,1.371347487E-2,1.604819158E-2
6.955902875E0,1.653986588E-2,1.172277203E-2,2.338301539E-3,2.040730755E-2
6.965964875E0,1.457042087E-2,1.068975175E-2,8.178500533E-3,1.983572100E-2
6.976026875E0,3.474502335E-4,1.750108190E-2,-9.181298018E-3,1.976625464E-2
6.986088875E0,-5.739389341E-3,1.105076250E-2,1.594535708E-3,1.255398287E-2
6.996150875E0,-1.222818616E-2,1.236031953E-2,-5.559123337E-2,5.824681333E-2
7.006212875E0,-6.809457215E-3,4.267699979E-3,8.496706009E-2,8.534625517E-2
7.016274875E0,1.282999256E-2,1.989498680E-2,1.252122760E-2,2.678059651E-2
7.026336875E0,4.477053140E-3,2.672736693E-2,-7.680317760E-3,2.816706284E-2
7.036397875E0,-4.903986678E-3,5.044776667E-3,1.567346156E-2,1.718011217E-2
7.046459875E0,-3.304965058E-3,-2.480443697E-3,-4.533931017E-3,6.134486567E-3