"Time (s)","Acceleration x (m/s^2)","Acceleration y (m/s^2)","Acceleration z (m/s^2)","Absolute acceleration (m/s^2)"
-1.671666667E-3,7.095245361E-2,-8.637039185E-2,9.793384552E0,9.794022416E0
8.392333333E-3,5.538482666E-2,-8.891510010E-2,9.775421906E0,9.775983163E0
1.845733333E-2,6.586303711E-2,-9.894424438E-2,9.769883423E0,9.770606429E0
2.852133333E-2,5.927673340E-2,-1.055305481E-1,9.790540466E0,9.791288631E0
3.858533333E-2,6.795867920E-2,-1.005908203E-1,9.818681946E0,9.819432369E0
4.865033333E-2,6.197113037E-2,-9.580078125E-2,9.775571594E0,9.776237426E0
5.871433333E-2,7.843688965E-2,-1.022373962E-1,9.772128754E0,9.772978318E0
6.877833333E-2,5.942642212E-2,-8.816665649E-2,9.795929260E0,9.796506261E0
7.884333333E-2,4.894821167E-2,-8.562194824E-2,9.795480194E0,9.795976688E0
8.890733333E-2,6.541397095E-2,-7.200027466E-2,9.784403229E0,9.784886794E0
9.897133333E-2,7.544311523E-2,-7.484436035E-2,9.775122528E0,9.775700168E0
1.090363333E-1,5.972579956E-2,-7.244934082E-2,9.813742218E0,9.814191378E0
1.191003333E-1,6.212081909E-2,-7.529342651E-2,9.808503113E0,9.808988807E0
1.291643333E-1,6.092330933E-2,-6.960525513E-2,9.773475952E0,9.773913685E0
1.392283333E-1,6.361770630E-2,-7.544311523E-2,9.795779572E0,9.796276654E0
1.492933333E-1,6.107299805E-2,-6.556365967E-2,9.792935486E0,9.793345390E0
1.593573333E-1,6.421646118E-2,-7.140151978E-2,9.781110077E0,9.781581481E0
1.694213333E-1,7.679031372E-2,-8.562194824E-2,9.774224396E0,9.774901043E0
1.794863333E-1,6.691085815E-2,-7.394622803E-2,9.767638092E0,9.768147163E0
1.895503333E-1,7.259902954E-2,-6.855743408E-2,9.749675446E0,9.750186769E0
1.996143333E-1,6.331832886E-2,-7.424560547E-2,9.777966614E0,9.778453493E0
2.096793333E-1,5.807922363E-2,-6.436614990E-2,9.778116302E0,9.778500633E0
2.197433333E-1,8.562194824E-2,-9.250762939E-2,9.781858521E0,9.782670642E0
2.298073333E-1,7.259902954E-2,-8.083190918E-2,9.797426147E0,9.798028553E0
2.398723333E-1,7.783813477E-2,-7.649093628E-2,9.774972839E0,9.775582011E0
2.499363333E-1,7.649093628E-2,-6.466552734E-2,9.784403229E0,9.784915893E0
2.600003333E-1,6.137237549E-2,-7.005432129E-2,9.790390778E0,9.790833762E0
2.700643333E-1,7.259902954E-2,-7.110214233E-2,9.771679688E0,9.772208044E0
2.801293333E-1,5.269042969E-2,-7.080276489E-2,9.801916809E0,9.802314137E0
2.901933333E-1,6.137237549E-2,-8.816665649E-2,9.792037354E0,9.792626586E0
3.002573333E-1,5.493576050E-2,-7.409591675E-2,9.787247314E0,9.787681959E0
3.103223333E-1,5.822891235E-2,-7.708969116E-2,9.789941711E0,9.790418384E0
3.203863333E-1,7.514373779E-2,-8.068222046E-2,9.763446808E0,9.764069324E0
3.304503333E-1,7.828720093E-2,-6.526428223E-2,9.783804474E0,9.784335353E0
3.405153333E-1,6.616241455E-2,-6.960525513E-2,9.818532257E0,9.819001886E0
3.505793333E-1,7.050338745E-2,-7.200027466E-2,9.790091400E0,9.790610011E0
3.606433333E-1,4.954696655E-2,-8.023315430E-2,9.763746185E0,9.764201546E0
3.707083333E-1,6.571334839E-2,-7.170089722E-2,9.778265991E0,9.778749667E0
3.807723333E-1,5.658233643E-2,-8.607101440E-2,9.812245331E0,9.812785956E0
3.908363333E-1,7.499404907E-2,-7.843688965E-2,9.774374084E0,9.774976481E0
4.009003333E-1,6.616241455E-2,-8.951385498E-2,9.775272217E0,9.775905948E0
4.109653333E-1,8.921447754E-2,-9.984237671E-2,9.777517548E0,9.778434288E0
4.210293333E-1,7.694000244E-2,-1.076261902E-1,9.785900116E0,9.786794380E0
4.310933333E-1,9.205856323E-2,-1.056802368E-1,9.789941711E0,9.790944888E0
4.411583333E-1,8.771759033E-2,-9.894424438E-2,9.787846069E0,9.788739194E0
4.512223333E-1,7.364685059E-2,-7.634124756E-2,9.786947937E0,9.787522759E0
4.612863333E-1,7.065307617E-2,-8.666976929E-2,9.790540466E0,9.791178996E0
4.713513333E-1,6.242019653E-2,-9.131011963E-2,9.784552917E0,9.785178057E0
4.814153333E-1,6.556365967E-2,-7.274871826E-2,9.795330505E0,9.795820062E0
4.914793333E-1,7.708969116E-2,-7.813751221E-2,9.769134979E0,9.769751611E0
5.015433333E-1,7.155120850E-2,-7.664062500E-2,9.781409454E0,9.781971390E0
5.116083333E-1,5.328918457E-2,-8.457412720E-2,9.789342957E0,9.789853321E0
5.216723333E-1,5.134323120E-2,-7.514373779E-2,9.787397003E0,9.787820125E0
5.317363333E-1,5.239105225E-2,-7.080276489E-2,9.757908325E0,9.758305833E0
5.418013333E-1,5.269042969E-2,-8.277786255E-2,9.798324280E0,9.798815599E0
5.518653333E-1,3.712280273E-2,-7.798782349E-2,9.778864746E0,9.779246184E0
5.619293333E-1,5.867797852E-2,-7.828720093E-2,9.782756653E0,9.783245868E0
5.719943333E-1,5.014572144E-2,-9.505233765E-2,9.793085175E0,9.793674835E0
5.820583333E-1,6.691085815E-2,-8.696914673E-2,9.796378326E0,9.796992855E0
5.921223333E-1,5.568420410E-2,-1.013392639E-1,9.779014435E0,9.779698037E0
6.021863333E-1,5.733078003E-2,-1.022373962E-1,9.780960388E0,9.781662712E0
6.122513333E-1,5.493576050E-2,-8.083190918E-2,9.796677704E0,9.797165190E0
6.223153333E-1,6.571334839E-2,-8.128097534E-2,9.798473969E0,9.799031429E0
6.323793333E-1,7.604187012E-2,-9.984237671E-2,9.776469727E0,9.777275243E0
6.424443333E-1,8.771759033E-2,-8.816665649E-2,9.779463501E0,9.780254296E0
6.525083333E-1,1.011895752E-1,-8.158035278E-2,9.785301361E0,9.786164591E0
6.625723333E-1,8.681945801E-2,-8.891510010E-2,9.797426147E0,9.798214257E0
6.726373333E-1,6.885681152E-2,-8.352630615E-2,9.776170349E0,9.776769640E0
6.827013333E-1,5.388793945E-2,-6.765930176E-2,9.777966614E0,9.778349185E0
6.927653333E-1,6.885681152E-2,-6.706054688E-2,9.772877197E0,9.773349840E0
7.028293333E-1,5.882766724E-2,-7.559280396E-2,9.770482178E0,9.770951691E0
7.128943333E-1,4.191284180E-2,-8.891510010E-2,9.783355408E0,9.783849223E0
7.229583333E-1,5.194198608E-2,-8.173004150E-2,9.796827393E0,9.797305993E0
7.330223333E-1,6.092330933E-2,-9.624984741E-2,9.792785797E0,9.793448287E0
7.430873333E-1,6.915618896E-2,-9.595046997E-2,9.759704590E0,9.760421238E0
7.531513333E-1,8.427474976E-2,-8.592132568E-2,9.777816925E0,9.778557589E0
7.632153333E-1,7.155120850E-2,-9.415420532E-2,9.794881439E0,9.795595286E0
7.732803333E-1,5.538482666E-2,-1.025367737E-1,9.776619415E0,9.777313970E0
7.833443333E-1,6.316864014E-2,-1.005908203E-1,9.785750427E0,9.786471285E0
7.934083333E-1,6.780899048E-2,-9.445358276E-2,9.799970856E0,9.800660606E0
8.034723333E-1,7.813751221E-2,-8.906478882E-2,9.792336731E0,9.793053490E0
8.135373333E-1,7.738906860E-2,-9.400451660E-2,9.794282684E0,9.795039521E0
8.236013333E-1,7.364685059E-2,-9.280700684E-2,9.769584045E0,9.770302422E0
8.336653333E-1,8.113128662E-2,-7.095245361E-2,9.775122528E0,9.775716699E0
8.437303333E-1,8.936416626E-2,-6.301895142E-2,9.771679688E0,9.772291505E0
8.537943333E-1,6.182144165E-2,-7.095245361E-2,9.780810699E0,9.781263419E0
8.638583333E-1,5.328918457E-2,-6.945556641E-2,9.771979065E0,9.772371189E0
8.739223333E-1,6.122268677E-2,-6.975494385E-2,9.786947937E0,9.787388001E0
8.839873333E-1,6.721023560E-2,-9.325607300E-2,9.801168365E0,9.801842441E0
8.940513333E-1,4.790039063E-2,-8.247848511E-2,9.777517548E0,9.777982744E0
9.041153333E-1,6.421646118E-2,-7.409591675E-2,9.771230621E0,9.771722561E0
9.141803333E-1,3.772155762E-2,-8.457412720E-2,9.778864746E0,9.779303218E0
9.242430833E-1,6.346801758E-2,-9.355545044E-2,9.784403229E0,9.785056329E0
9.343070833E-1,8.322692871E-2,-8.083190918E-2,9.776170349E0,9.776858760E0
9.443720833E-1,7.319778442E-2,-9.445358276E-2,9.782008209E0,9.782738063E0
9.544360833E-1,4.535568237E-2,-9.624984741E-2,9.775721283E0,9.776300311E0
9.645000833E-1,7.559280396E-2,-8.502319336E-2,9.798773346E0,9.799433774E0
9.745640833E-1,7.065307617E-2,-8.607101440E-2,9.791438599E0,9.792071788E0
9.846290833E-1,7.753875732E-2,-8.592132568E-2,9.787696381E0,9.788380621E0
9.946930833E-1,7.978408813E-2,-6.451583862E-2,9.785750427E0,9.786288327E0
1.004757083E0,8.202941895E-2,-8.352630615E-2,9.766440582E0,9.767142219E0
1.014822083E0,7.574249268E-2,-7.708969116E-2,9.768835602E0,9.769433390E0
1.024886083E0,7.424560547E-2,-7.634124756E-2,9.778565369E0,9.779145211E0
1.034950083E0,6.047424316E-2,-8.502319336E-2,9.784103851E0,9.784660150E0
1.045014083E0,7.035369873E-2,-7.888595581E-2,9.774972839E0,9.775544315E0
1.055079083E0,5.703140259E-2,-7.244934082E-2,9.781858521E0,9.782293065E0
1.065143083E0,4.715194702E-2,-9.295669556E-2,9.798923035E0,9.799477379E0
1.075207083E0,4.685256958E-2,-8.771759033E-2,9.788444824E0,9.788949975E0
1.085272083E0,6.137237549E-2,-8.023315430E-2,9.792935486E0,9.793456456E0
1.095336083E0,6.511459351E-2,-8.487350464E-2,9.768536224E0,9.769121935E0
1.105400083E0,6.167175293E-2,-1.074765015E-1,9.775421906E0,9.776207242E0
1.115465083E0,4.221221924E-2,-1.082249451E-1,9.807455292E0,9.808143240E0
1.125529083E0,6.242019653E-2,-9.071136475E-2,9.780960388E0,9.781580187E0
1.135593083E0,6.765930176E-2,-8.652008057E-2,9.785900116E0,9.786516468E0
1.145657083E0,6.376739502E-2,-1.035845947E-1,9.797875214E0,9.798630249E0
1.155722083E0,5.328918457E-2,-7.933502197E-2,9.794582062E0,9.795048318E0
1.165786083E0,6.990463257E-2,-7.125183105E-2,9.781858521E0,9.782367791E0
1.175850083E0,7.484436035E-2,-6.406677246E-2,9.775870972E0,9.776367397E0
1.185915083E0,5.523513794E-2,-6.227050781E-2,9.811347198E0,9.811700280E0
1.195979083E0,7.574249268E-2,-5.942642212E-2,9.799970856E0,9.800443725E0
1.206043083E0,6.406677246E-2,-7.140151978E-2,9.777218170E0,9.777688780E0
1.216107083E0,7.544311523E-2,-8.532257080E-2,9.777218170E0,9.777881506E0
1.226172083E0,7.454498291E-2,-7.963439941E-2,9.786648560E0,9.787256440E0
1.236236083E0,7.918533325E-2,-9.011260986E-2,9.788444824E0,9.789179878E0
1.246300083E0,5.628295898E-2,-9.310638428E-2,9.777667236E0,9.778272504E0
1.256365083E0,6.421646118E-2,-7.634124756E-2,9.785900116E0,9.786408576E0
1.266429083E0,7.110214233E-2,-8.367599487E-2,9.783056030E0,9.783672239E0
1.276493083E0,5.074447632E-2,-8.442443848E-2,9.776469727E0,9.776965930E0
1.286557083E0,5.523513794E-2,-8.711883545E-2,9.776170349E0,9.776714546E0
1.296622083E0,6.212081909E-2,-8.726852417E-2,9.797276459E0,9.797862053E0
1.306686083E0,5.224136353E-2,-8.936416626E-2,9.772727509E0,9.773275708E0
1.316750083E0,5.748046875E-2,-9.041198730E-2,9.772128754E0,9.772716035E0
1.326815083E0,6.975494385E-2,-7.589218140E-2,9.790540466E0,9.791083086E0
1.336879083E0,6.376739502E-2,-8.786727905E-2,9.774224396E0,9.774827337E0
1.346943083E0,5.628295898E-2,-9.595046997E-2,9.776170349E0,9.776803208E0
1.357007083E0,6.750961304E-2,-8.098159790E-2,9.777218170E0,9.777786596E0
1.367072083E0,6.631210327E-2,-7.170089722E-2,9.777218170E0,9.777705941E0
1.377136083E0,6.242019653E-2,-8.098159790E-2,9.762099609E0,9.762635048E0
1.387200083E0,7.858657837E-2,-8.038284302E-2,9.773775330E0,9.774421796E0
1.397265083E0,8.756790161E-2,-8.517288208E-2,9.784103851E0,9.784866414E0
1.407329083E0,8.532257080E-2,-8.232879639E-2,9.792935486E0,9.793653220E0
1.417393083E0,7.783813477E-2,-8.637039185E-2,9.791887665E0,9.792577937E0
1.427457083E0,6.406677246E-2,-7.708969116E-2,9.787397003E0,9.787910271E0
1.437522083E0,6.496490479E-2,-7.993377686E-2,9.774374084E0,9.774916807E0
1.447586083E0,4.056564331E-2,-8.158035278E-2,9.778565369E0,9.778989804E0
1.457650083E0,3.502716064E-2,-9.175918579E-2,9.788594513E0,9.789087250E0
1.467714083E0,6.691085815E-2,-9.415420532E-2,9.785900116E0,9.786581791E0
1.477779083E0,4.490661621E-2,-7.454498291E-2,9.778565369E0,9.778952614E0
1.487843083E0,5.194198608E-2,-8.038284302E-2,9.782157898E0,9.782626054E0
1.497907083E0,5.882766724E-2,-7.679031372E-2,9.799372101E0,9.799849541E0
1.507972083E0,6.930587769E-2,-7.244934082E-2,9.795480194E0,9.795993285E0
1.518036083E0,6.960525513E-2,-8.307723999E-2,9.777816925E0,9.778417589E0
1.528100083E0,7.259902954E-2,-9.370513916E-2,9.785001984E0,9.785719958E0
1.538164083E0,7.649093628E-2,-8.891510010E-2,9.786498871E0,9.787201689E0
1.548229083E0,6.511459351E-2,-1.028361511E-1,9.796078949E0,9.796835099E0
1.558293083E0,7.020401001E-2,-8.487350464E-2,9.777816925E0,9.778437295E0
1.568357083E0,7.095245361E-2,-6.646179199E-2,9.771979065E0,9.772462651E0
1.578422083E0,5.388793945E-2,-8.801696777E-2,9.767189026E0,9.767734249E0
1.588486083E0,7.484436035E-2,-7.259902954E-2,9.791588287E0,9.792143457E0
1.598550083E0,4.894821167E-2,-7.858657837E-2,9.790241089E0,9.790678851E0
1.608614083E0,5.688171387E-2,-7.005432129E-2,9.777068481E0,9.777484913E0
1.618679083E0,7.873626709E-2,-7.873626709E-2,9.785151672E0,9.785785204E0
1.628743083E0,4.805007935E-2,-9.400451660E-2,9.786349182E0,9.786918615E0
1.638807083E0,5.059478760E-2,-9.580078125E-2,9.792486420E0,9.793085719E0
1.648871083E0,5.912704468E-2,-9.475296021E-2,9.784552917E0,9.785190337E0
1.658936083E0,5.343887329E-2,-8.307723999E-2,9.783205719E0,9.783704395E0
1.669000083E0,5.837860107E-2,-8.681945801E-2,9.790989532E0,9.791548483E0
1.679064083E0,6.795867920E-2,-8.038284302E-2,9.780511322E0,9.781077727E0
1.689129083E0,6.361770630E-2,-7.065307617E-2,9.795629883E0,9.796091255E0
1.699193083E0,5.089416504E-2,-7.813751221E-2,9.777667236E0,9.778111897E0
1.709257083E0,6.661148071E-2,-8.831634521E-2,9.774673462E0,9.775299389E0
1.719321083E0,5.553451538E-2,-8.337661743E-2,9.777517548E0,9.778030739E0
1.729386083E0,7.170089722E-2,-8.906478882E-2,9.789043579E0,9.789711321E0
1.739450083E0,6.062393188E-2,-8.981323242E-2,9.790091400E0,9.790691053E0
1.749514083E0,6.616241455E-2,-8.098159790E-2,9.766141205E0,9.766701056E0
1.759579083E0,7.005432129E-2,-8.996292114E-2,9.775122528E0,9.775787507E0
1.769643083E0,9.445358276E-2,-7.244934082E-2,9.799222412E0,9.799945422E0
1.779707083E0,4.715194702E-2,-8.098159790E-2,9.774972839E0,9.775422003E0
1.789771083E0,5.673202515E-2,-6.810836792E-2,9.774074707E0,9.774476643E0
1.799836083E0,4.655319214E-2,-8.577163696E-2,9.782307587E0,9.782794370E0
1.809900083E0,6.002517700E-2,-1.032852173E-1,9.773475952E0,9.774206006E0
1.819964083E0,6.361770630E-2,-1.001417542E-1,9.780211945E0,9.780931513E0
1.830028083E0,5.837860107E-2,-8.816665649E-2,9.783804474E0,9.784375882E0
1.840093083E0,5.343887329E-2,-7.798782349E-2,9.807904358E0,9.808359991E0
1.850157083E0,5.628295898E-2,-7.349716187E-2,9.788594513E0,9.789032237E0
1.860221083E0,4.730163574E-2,-9.131011963E-2,9.785451050E0,9.785991377E0
1.870286083E0,4.879852295E-2,-7.738906860E-2,9.791438599E0,9.791866022E0
1.880350083E0,5.927673340E-2,-7.514373779E-2,9.773925018E0,9.774393617E0
1.890414083E0,6.271957397E-2,-9.310638428E-2,9.772128754E0,9.772773553E0
1.900478083E0,6.451583862E-2,-7.559280396E-2,9.796528015E0,9.797032087E0
1.910543083E0,5.328918457E-2,-7.349716187E-2,9.783654785E0,9.784075967E0
1.920606375E0,5.029541016E-2,-7.214996338E-2,9.760303345E0,9.760699597E0
1.930670375E0,7.050338745E-2,-8.472381592E-2,9.773475952E0,9.774097454E0
1.940734375E0,9.310638428E-2,-8.337661743E-2,9.777966614E0,9.778765339E0
1.950799375E0,8.008346558E-2,-9.385482788E-2,9.783804474E0,9.784582366E0
1.960863375E0,6.122268677E-2,-6.706054688E-2,9.780810699E0,9.781232196E0
1.970927375E0,5.643264771E-2,-8.038284302E-2,9.782756653E0,9.783249653E0
1.980992375E0,5.688171387E-2,-9.101074219E-2,9.806706848E0,9.807294106E0
1.993554375E0,6.750961304E-2,-7.918533325E-2,9.778116302E0,9.778669965E0
2.003586375E0,6.406677246E-2,-7.664062500E-2,9.778715057E0,9.779225251E0
2.013617375E0,5.867797852E-2,-8.113128662E-2,9.811197510E0,9.811708412E0
2.023649375E0,6.197113037E-2,-8.996292114E-2,9.771979065E0,9.772589656E0
2.033681375E0,6.735992432E-2,-8.083190918E-2,9.765841827E0,9.766408642E0
2.043714375E0,6.212081909E-2,-8.786727905E-2,9.803413696E0,9.804004271E0
2.053746375E0,6.930587769E-2,-9.145980835E-2,9.790839844E0,9.791512296E0
2.063777375E0,8.547225952E-2,-9.071136475E-2,9.764794006E0,9.765589385E0
2.073809375E0,5.523513794E-2,-8.786727905E-2,9.799222412E0,9.799772011E0
2.083840375E0,7.544311523E-2,-8.831634521E-2,9.785900116E0,9.786589422E0
2.093872375E0,7.364685059E-2,-7.918533325E-2,9.784552917E0,9.785150483E0
2.103904375E0,5.733078003E-2,-7.304809570E-2,9.775571594E0,9.776012625E0
2.113935375E0,7.379653931E-2,-9.101074219E-2,9.797725525E0,9.798426116E0
2.123967375E0,8.577163696E-2,-8.577163696E-2,9.787696381E0,9.788447987E0
2.133998375E0,6.616241455E-2,-8.652008057E-2,9.770182800E0,9.770789893E0
2.144030375E0,6.047424316E-2,-7.484436035E-2,9.779463501E0,9.779936870E0
2.154063375E0,7.753875732E-2,-9.729766846E-2,9.806108093E0,9.806897319E0
2.164095375E0,5.897735596E-2,-9.220825195E-2,9.779463501E0,9.780076025E0
2.174127375E0,6.137237549E-2,-8.143066406E-2,9.755064240E0,9.755597154E0
2.184159375E0,6.182144165E-2,-7.634124756E-2,9.785151672E0,9.785644748E0
2.194191375E0,5.972579956E-2,-6.840774536E-2,9.803563385E0,9.803983978E0
2.204224375E0,5.688171387E-2,-6.960525513E-2,9.772428131E0,9.772841552E0
2.214256375E0,7.349716187E-2,-7.125183105E-2,9.764794006E0,9.765330544E0
2.224288375E0,7.649093628E-2,-8.382568359E-2,9.779164124E0,9.779822522E0
2.234319375E0,8.083190918E-2,-9.235794067E-2,9.802814941E0,9.803583251E0
2.244350375E0,8.562194824E-2,-9.400451660E-2,9.787995758E0,9.788821631E0
2.254382375E0,6.122268677E-2,-8.966354370E-2,9.770182800E0,9.770786034E0
2.264413375E0,6.750961304E-2,-8.951385498E-2,9.782457275E0,9.783099745E0
2.274445375E0,6.571334839E-2,-9.026229858E-2,9.800270233E0,9.800906191E0
2.284476375E0,6.511459351E-2,-9.160949707E-2,9.773475952E0,9.774122180E0
2.294508375E0,6.541397095E-2,-9.026229858E-2,9.763446808E0,9.764083154E0
2.304540375E0,7.155120850E-2,-8.187973022E-2,9.796528015E0,9.797131469E0
2.314571375E0,5.897735596E-2,-9.460327148E-2,9.800569611E0,9.801203640E0
2.324602375E0,6.122268677E-2,-8.532257080E-2,9.763596497E0,9.764161239E0
2.334634375E0,6.331832886E-2,-9.041198730E-2,9.759704590E0,9.760328745E0
2.344665375E0,4.984634399E-2,-6.840774536E-2,9.798623657E0,9.798989226E0
2.354697375E0,7.439529419E-2,-7.229965210E-2,9.771380310E0,9.771930979E0
2.364729375E0,6.676116943E-2,-8.202941895E-2,9.747879181E0,9.748452924E0
2.374760375E0,5.373825073E-2,-8.307723999E-2,9.774374084E0,9.774874852E0
2.384792375E0,6.167175293E-2,-7.319778442E-2,9.801467743E0,9.801935076E0
2.394823375E0,5.463638306E-2,-7.080276489E-2,9.773925018E0,9.774334168E0
2.404854375E0,5.239105225E-2,-9.669891357E-2,9.760902100E0,9.761521669E0
2.414886375E0,5.867797852E-2,-7.574249268E-2,9.809401245E0,9.809869154E0
2.424917375E0,7.050338745E-2,-7.753875732E-2,9.792336731E0,9.792897510E0
2.434948375E0,6.361770630E-2,-8.921447754E-2,9.752968597E0,9.753584105E0
2.444980375E0,8.577163696E-2,-8.696914673E-2,9.766290894E0,9.767054736E0
2.455011375E0,6.526428223E-2,-7.619155884E-2,9.814490662E0,9.815003389E0
2.465043375E0,7.469467163E-2,-8.083190918E-2,9.786199493E0,9.786818360E0
2.475075375E0,6.286926270E-2,-8.023315430E-2,9.770781555E0,9.771313223E0
2.485106375E0,5.134323120E-2,-6.616241455E-2,9.766290894E0,9.766649958E0
2.495138375E0,6.092330933E-2,-9.145980835E-2,9.787546692E0,9.788163607E0
2.505169375E0,5.583389282E-2,-9.250762939E-2,9.788145447E0,9.788741818E0
2.515201375E0,6.840774536E-2,-7.065307617E-2,9.776020660E0,9.776515301E0
2.525232375E0,6.750961304E-2,-8.352630615E-2,9.789043579E0,9.789632699E0
2.535263375E0,6.721023560E-2,-7.903564453E-2,9.792785797E0,9.793335362E0
2.545294375E0,5.837860107E-2,-9.400451660E-2,9.784253540E0,9.784879266E0
2.555325375E0,5.972579956E-2,-8.562194824E-2,9.780960388E0,9.781517490E0
2.565355375E0,8.382568359E-2,-7.214996338E-2,9.771380310E0,9.772006218E0
2.575386375E0,5.972579956E-2,-7.244934082E-2,9.776769104E0,9.777219962E0
2.585417375E0,4.715194702E-2,-7.080276489E-2,9.798923035E0,9.799292269E0
2.595447375E0,6.511459351E-2,-7.484436035E-2,9.795629883E0,9.796132216E0
2.605478375E0,6.900650024E-2,-8.202941895E-2,9.774374084E0,9.774961865E0
2.615509375E0,6.436614990E-2,-6.915618896E-2,9.770482178E0,9.770938930E0
2.625540375E0,6.137237549E-2,-8.232879639E-2,9.771529999E0,9.772069541E0
2.635571375E0,7.364685059E-2,-7.649093628E-2,9.773326263E0,9.773903057E0
2.645602375E0,7.065307617E-2,-7.619155884E-2,9.782307587E0,9.782859435E0
2.655634375E0,7.679031372E-2,-8.158035278E-2,9.792187042E0,9.792827946E0
2.665666375E0,7.274871826E-2,-8.382568359E-2,9.781858521E0,9.782488193E0
2.675698375E0,7.259902954E-2,-9.116043091E-2,9.779164124E0,9.779858475E0
2.685730375E0,5.987548828E-2,-9.370513916E-2,9.770631866E0,9.771264647E0
2.695761375E0,5.912704468E-2,-8.457412720E-2,9.792486420E0,9.793030127E0
2.705792375E0,6.750961304E-2,-7.140151978E-2,9.784103851E0,9.784597278E0
2.715824375E0,7.229965210E-2,-8.247848511E-2,9.780511322E0,9.781126298E0
2.725854375E0,6.466552734E-2,-8.711883545E-2,9.780810699E0,9.781412437E0
2.735886375E0,6.256988525E-2,-7.978408813E-2,9.781708832E0,9.782234313E0
2.745916375E0,6.451583862E-2,-7.364685059E-2,9.801318054E0,9.801807066E0
2.755947375E0,5.807922363E-2,-7.274871826E-2,9.786199493E0,9.786642228E0
2.765978375E0,6.855743408E-2,-7.649093628E-2,9.781708832E0,9.782248139E0
2.776009375E0,6.062393188E-2,-8.696914673E-2,9.789193268E0,9.789767297E0
2.786040375E0,6.526428223E-2,-8.801696777E-2,9.790540466E0,9.791153611E0
2.796071375E0,7.559280396E-2,-8.068222046E-2,9.781559143E0,9.782183967E0
2.806102375E0,6.975494385E-2,-8.816665649E-2,9.769284668E0,9.769931527E0
2.816133375E0,5.822891235E-2,-7.978408813E-2,9.777667236E0,9.778166121E0
2.826165375E0,5.673202515E-2,-8.816665649E-2,9.785301361E0,9.785862998E0
2.836196375E0,6.930587769E-2,-9.310638428E-2,9.758207703E0,9.758897974E0
2.846228375E0,6.735992432E-2,-7.783813477E-2,9.799671478E0,9.800212101E0
2.856260375E0,7.379653931E-2,-8.547225952E-2,9.798623657E0,9.799274310E0
2.866290375E0,8.262817383E-2,-9.550140381E-2,9.769284668E0,9.770100862E0
2.876322375E0,6.376739502E-2,-7.170089722E-2,9.767787781E0,9.768259079E0
2.886353375E0,6.691085815E-2,-7.634124756E-2,9.771829376E0,9.772356646E0
2.896385375E0,5.927673340E-2,-6.930587769E-2,9.804760895E0,9.805185018E0
2.906417375E0,6.451583862E-2,-7.499404907E-2,9.784403229E0,9.784903318E0
2.916449375E0,7.244934082E-2,-7.229965210E-2,9.779014435E0,9.779550064E0
2.926482500E0,7.454498291E-2,-9.475296021E-2,9.785451050E0,9.786193710E0
2.936513500E0,8.083190918E-2,-8.936416626E-2,9.780361633E0,9.781103896E0
2.946544500E0,5.882766724E-2,-7.694000244E-2,9.785750427E0,9.786229707E0
2.956575500E0,6.735992432E-2,-7.170089722E-2,9.787397003E0,9.787891421E0
2.966606500E0,5.688171387E-2,-8.532257080E-2,9.791737976E0,9.792274918E0
2.976636500E0,6.286926270E-2,-8.502319336E-2,9.779313812E0,9.779885486E0
2.986667500E0,7.424560547E-2,-8.367599487E-2,9.786049805E0,9.786689168E0
2.996698500E0,4.849914551E-2,-8.053253174E-2,9.785001984E0,9.785453565E0
3.006729500E0,5.523513794E-2,-8.337661743E-2,9.778415680E0,9.778927129E0
3.016761500E0,6.511459351E-2,-8.143066406E-2,9.784552917E0,9.785108413E0
3.026791500E0,6.735992432E-2,-6.795867920E-2,9.787247314E0,9.787715042E0
3.036823500E0,7.214996338E-2,-8.771759033E-2,9.785451050E0,9.786110169E0
3.046854500E0,7.035369873E-2,-1.023870850E-1,9.775721283E0,9.776510592E0
3.056885500E0,7.813751221E-2,-9.056167603E-2,9.767937469E0,9.768669781E0
3.066917500E0,7.858657837E-2,-8.472381592E-2,9.789492645E0,9.790174678E0
3.076949500E0,4.999603271E-2,-9.026229858E-2,9.798324280E0,9.798867566E0
3.086980500E0,5.179229736E-2,-8.637039185E-2,9.772128754E0,9.772647679E0
3.097011500E0,6.990463257E-2,-8.307723999E-2,9.785151672E0,9.785754020E0
3.107043500E0,6.376739502E-2,-9.116043091E-2,9.792187042E0,9.792818980E0
3.117075500E0,4.026626587E-2,-9.235794067E-2,9.778415680E0,9.778934736E0
3.127106500E0,6.945556641E-2,-8.876541138E-2,9.778116302E0,9.778765863E0
3.137138500E0,5.134323120E-2,-9.774673462E-2,9.776170349E0,9.776793812E0
3.147169500E0,6.706054688E-2,-7.080276489E-2,9.759704590E0,9.760191793E0
3.157200500E0,7.753875732E-2,-8.861572266E-2,9.790241089E0,9.790949167E0
3.167231500E0,7.349716187E-2,-7.274871826E-2,9.792785797E0,9.793331807E0
3.177262500E0,7.873626709E-2,-8.427474976E-2,9.778116302E0,9.778796452E0
3.187294500E0,6.691085815E-2,-8.711883545E-2,9.782457275E0,9.783074011E0
3.197326500E0,6.631210327E-2,-9.175918579E-2,9.790091400E0,9.790745971E0
3.207357500E0,5.044509888E-2,-7.110214233E-2,9.781259766E0,9.781648267E0
3.217389500E0,5.852828979E-2,-8.337661743E-2,9.773326263E0,9.773857144E0
3.227420500E0,6.541397095E-2,-9.011260986E-2,9.780211945E0,9.780845820E0
3.237452500E0,7.110214233E-2,-8.128097534E-2,9.788145447E0,9.788741155E0
3.247483500E0,7.110214233E-2,-9.415420532E-2,9.770033112E0,9.770745495E0
3.257514500E0,5.733078003E-2,-9.385482788E-2,9.774523773E0,9.775142482E0
3.267545500E0,6.646179199E-2,-8.577163696E-2,9.791139221E0,9.791740458E0
3.277576500E0,6.631210327E-2,-7.589218140E-2,9.772128754E0,9.772648428E0
3.287607500E0,5.523513794E-2,-9.265731812E-2,9.768087158E0,9.768682768E0
3.297638500E0,5.269042969E-2,-8.816665649E-2,9.781559143E0,9.782098390E0
3.307670500E0,6.122268677E-2,-8.262817383E-2,9.766889648E0,9.767431036E0
3.317701500E0,4.715194702E-2,-8.786727905E-2,9.780211945E0,9.780720303E0
3.327731500E0,4.670288086E-2,-8.756790161E-2,9.783056030E0,9.783559403E0
3.337762500E0,6.526428223E-2,-9.669891357E-2,9.787397003E0,9.788092266E0
3.347793500E0,7.379653931E-2,-9.071136475E-2,9.773775330E0,9.774474854E0
3.357824500E0,7.319778442E-2,-8.202941895E-2,9.773775330E0,9.774393635E0
3.367855500E0,6.391708374E-2,-7.589218140E-2,9.804311829E0,9.804813892E0
3.377887500E0,6.855743408E-2,-7.514373779E-2,9.778715057E0,9.779244085E0
3.387918500E0,6.661148071E-2,-7.484436035E-2,9.773176575E0,9.773690149E0
3.397950500E0,6.810836792E-2,-8.307723999E-2,9.787397003E0,9.787986549E0
3.407982500E0,5.673202515E-2,-8.352630615E-2,9.783954163E0,9.784475163E0
3.418014500E0,3.966751099E-2,-8.622070312E-2,9.773625641E0,9.774086438E0
3.428045500E0,6.765930176E-2,-8.532257080E-2,9.776320038E0,9.776926470E0
3.438076500E0,6.840774536E-2,-1.047821045E-1,9.774823151E0,9.775624100E0
3.448108500E0,6.421646118E-2,-7.574249268E-2,9.783654785E0,9.784158709E0
3.458139500E0,7.664062500E-2,-9.071136475E-2,9.767787781E0,9.768509634E0
3.468171500E0,7.005432129E-2,-9.370513916E-2,9.796827393E0,9.797525975E0
3.478202500E0,5.748046875E-2,-7.559280396E-2,9.786199493E0,9.786660248E0
3.488234500E0,5.942642212E-2,-9.026229858E-2,9.775421906E0,9.776019242E0
3.498266500E0,6.765930176E-2,-9.654922485E-2,9.782606964E0,9.783317359E0
3.508298500E0,6.286926270E-2,-6.810836792E-2,9.789492645E0,9.789931437E0
3.518329500E0,5.478607178E-2,-7.529342651E-2,9.791588287E0,9.792031036E0
3.528361500E0,6.391708374E-2,-8.337661743E-2,9.783954163E0,9.784518185E0
3.538392500E0,7.155120850E-2,-8.008346558E-2,9.786798248E0,9.787387439E0
3.548425500E0,5.239105225E-2,-7.694000244E-2,9.779164124E0,9.779607126E0
3.558456500E0,7.379653931E-2,-8.217910767E-2,9.789642334E0,9.790265388E0
3.568488500E0,6.616241455E-2,-8.352630615E-2,9.755213928E0,9.755795862E0
3.578520500E0,6.227050781E-2,-9.535171509E-2,9.781708832E0,9.782371759E0
3.588551500E0,6.017486572E-2,-8.906478882E-2,9.783505096E0,9.784095539E0
3.598583500E0,7.155120850E-2,-8.652008057E-2,9.772128754E0,9.772773694E0
3.608613500E0,5.643264771E-2,-8.741821289E-2,9.774074707E0,9.774628533E0
3.618644500E0,6.676116943E-2,-8.023315430E-2,9.783654785E0,9.784211535E0
3.628675500E0,5.822891235E-2,-8.322692871E-2,9.785750427E0,9.786277574E0
3.638705500E0,4.954696655E-2,-8.038284302E-2,9.775122528E0,9.775578589E0
3.648735500E0,4.415817261E-2,-9.774673462E-2,9.789492645E0,9.790080215E0
3.658766500E0,6.361770630E-2,-8.741821289E-2,9.779912567E0,9.780510159E0
3.668797500E0,6.047424316E-2,-7.723937988E-2,9.788444824E0,9.788936364E0
3.678828500E0,7.993377686E-2,-9.250762939E-2,9.788594513E0,9.789357977E0
3.688859500E0,6.990463257E-2,-9.175918579E-2,9.774972839E0,9.775653452E0
3.698890500E0,6.077362061E-2,-7.649093628E-2,9.787397003E0,9.787884572E0
3.708922500E0,5.927673340E-2,-8.008346558E-2,9.775870972E0,9.776378693E0
3.718953500E0,5.957611084E-2,-7.708969116E-2,9.775721283E0,9.776206766E0
3.728984500E0,6.451583862E-2,-7.978408813E-2,9.778565369E0,9.779103664E0
3.739015500E0,6.780899048E-2,-7.783813477E-2,9.788893890E0,9.789438208E0
3.749046500E0,8.262817383E-2,-8.996292114E-2,9.793683929E0,9.794445653E0
3.759076500E0,6.795867920E-2,-9.295669556E-2,9.774224396E0,9.774902653E0
3.769107500E0,5.792953491E-2,-8.622070312E-2,9.779463501E0,9.780015144E0
3.779138500E0,6.721023560E-2,-7.619155884E-2,9.792935486E0,9.793462503E0
3.789170500E0,6.376739502E-2,-8.053253174E-2,9.775122528E0,9.775662239E0
3.799201500E0,5.388793945E-2,-8.786727905E-2,9.784403229E0,9.784946148E0
3.809233500E0,6.691085815E-2,-7.888595581E-2,9.777068481E0,9.777615668E0
3.819264500E0,7.574249268E-2,-8.861572266E-2,9.763895874E0,9.764591764E0
3.829295500E0,5.643264771E-2,-8.427474976E-2,9.774673462E0,9.775199648E0
3.839327500E0,6.960525513E-2,-8.412506104E-2,9.785151672E0,9.785760837E0
3.849358500E0,6.436614990E-2,-7.364685059E-2,9.786498871E0,9.786987637E0
3.859390500E0,5.837860107E-2,-8.696914673E-2,9.772877197E0,9.773438515E0
3.869421500E0,6.825805664E-2,-8.696914673E-2,9.777966614E0,9.778591611E0
3.879452500E0,4.984634399E-2,-8.577163696E-2,9.780960388E0,9.781463467E0
3.889482500E0,4.056564331E-2,-6.780899048E-2,9.778415680E0,9.778734930E0
3.899514500E0,6.197113037E-2,-6.631210327E-2,9.775870972E0,9.776292292E0
3.909544500E0,5.553451538E-2,-8.622070312E-2,9.787397003E0,9.787934317E0
3.919575500E0,7.005432129E-2,-7.110214233E-2,9.770033112E0,9.770542980E0
3.929604708E0,8.217910767E-2,-7.723937988E-2,9.778565369E0,9.779215715E0
3.939635708E0,7.334747314E-2,-8.726852417E-2,9.781409454E0,9.782073735E0
3.949666708E0,8.442443848E-2,-7.499404907E-2,9.799072723E0,9.799723355E0
3.959697708E0,7.948471069E-2,-8.666976929E-2,9.772128754E0,9.772836326E0
3.969728708E0,7.200027466E-2,-7.409591675E-2,9.764644318E0,9.765190879E0
3.979759708E0,8.652008057E-2,-8.053253174E-2,9.770931244E0,9.771646155E0
3.989790708E0,7.364685059E-2,-8.367599487E-2,9.780810699E0,9.781445878E0
3.999821708E0,5.284011841E-2,-8.367599487E-2,9.777367859E0,9.777868684E0
4.009852708E0,6.002517700E-2,-8.876541138E-2,9.782906342E0,9.783493180E0
4.019884708E0,5.194198608E-2,-8.352630615E-2,9.780062256E0,9.780556852E0
4.029915708E0,6.721023560E-2,-8.517288208E-2,9.779463501E0,9.780065337E0
4.039946708E0,6.780899048E-2,-7.903564453E-2,9.761351166E0,9.761906641E0
4.049978708E0,6.391708374E-2,-9.729766846E-2,9.777667236E0,9.778360231E0
4.060009708E0,6.376739502E-2,-8.666976929E-2,9.785151672E0,9.785743262E0
4.070039708E0,6.765930176E-2,-6.661148071E-2,9.793534241E0,9.793994476E0
4.080069708E0,5.044509888E-2,-7.768844604E-2,9.785301361E0,9.785739774E0
4.090100708E0,6.256988525E-2,-8.098159790E-2,9.776918793E0,9.777454377E0
4.100131708E0,6.601272583E-2,-8.502319336E-2,9.763596497E0,9.764189837E0
4.110162708E0,6.750961304E-2,-8.726852417E-2,9.793384552E0,9.794006041E0
4.120194708E0,6.915618896E-2,-8.083190918E-2,9.787995758E0,9.788573815E0
4.130225708E0,3.772155762E-2,-8.247848511E-2,9.777517548E0,9.777938178E0
4.140256708E0,5.942642212E-2,-8.966354370E-2,9.765093384E0,9.765685836E0
4.150288708E0,6.735992432E-2,-8.846603394E-2,9.793683929E0,9.794315112E0
4.160320708E0,5.074447632E-2,-8.352630615E-2,9.793085175E0,9.793572835E0
4.170351708E0,6.017486572E-2,-7.454498291E-2,9.792785797E0,9.793254395E0
4.180381708E0,5.763015747E-2,-7.738906860E-2,9.780361633E0,9.780837591E0
4.190412708E0,6.421646118E-2,-7.274871826E-2,9.771529999E0,9.772011801E0
4.200442708E0,6.466552734E-2,-7.738906860E-2,9.785301361E0,9.785821040E0
4.210473708E0,5.224136353E-2,-8.966354370E-2,9.789941711E0,9.790491684E0
4.220504708E0,8.173004150E-2,-8.337661743E-2,9.786648560E0,9.787344966E0
4.230534708E0,7.738906860E-2,-7.559280396E-2,9.771829376E0,9.772428188E0
4.240565708E0,5.643264771E-2,-8.442443848E-2,9.787546692E0,9.788073476E0
4.250595708E0,5.733078003E-2,-9.744735718E-2,9.780661011E0,9.781314462E0
4.260627708E0,5.972579956E-2,-8.038284302E-2,9.778565369E0,9.779078139E0
4.270657708E0,5.343887329E-2,-7.978408813E-2,9.781858521E0,9.782329852E0
4.280688708E0,7.170089722E-2,-6.706054688E-2,9.787696381E0,9.788188728E0
4.290720708E0,6.765930176E-2,-8.502319336E-2,9.780960388E0,9.781563926E0
4.300752708E0,6.122268677E-2,-8.442443848E-2,9.785750427E0,9.786306102E0
4.310783708E0,7.873626709E-2,-8.741821289E-2,9.783056030E0,9.783763419E0
4.320814708E0,5.224136353E-2,-7.649093628E-2,9.788594513E0,9.789032769E0
4.330846708E0,7.379653931E-2,-9.310638428E-2,9.787546692E0,9.788267721E0
4.340878708E0,6.750961304E-2,-9.205856323E-2,9.784852295E0,9.785518216E0
4.350910708E0,4.505630493E-2,-9.804611206E-2,9.785151672E0,9.785746592E0
4.360943708E0,6.795867920E-2,-8.666976929E-2,9.778415680E0,9.779035905E0
4.370973708E0,6.346801758E-2,-9.460327148E-2,9.778715057E0,9.779378617E0
4.381005708E0,6.391708374E-2,-8.427474976E-2,9.776320038E0,9.776892201E0
4.391036708E0,5.822891235E-2,-8.666976929E-2,9.786498871E0,9.787055860E0
4.401068708E0,4.251159668E-2,-9.684860229E-2,9.768236847E0,9.768809446E0
4.411100708E0,3.891906738E-2,-7.918533325E-2,9.777966614E0,9.778364695E0
4.421132708E0,7.155120850E-2,-7.469467163E-2,9.773475952E0,9.774023279E0
4.431164708E0,5.763015747E-2,-8.187973022E-2,9.786648560E0,9.787160750E0
4.441196708E0,3.487747192E-2,-7.140151978E-2,9.773475952E0,9.773798995E0
4.451227708E0,6.601272583E-2,-9.729766846E-2,9.778116302E0,9.778823188E0
4.461259708E0,8.187973022E-2,-7.649093628E-2,9.795480194E0,9.796121038E0
4.471291708E0,7.110214233E-2,-7.439529419E-2,9.781858521E0,9.782399823E0
4.481323708E0,5.957611084E-2,-8.292755127E-2,9.783505096E0,9.784037932E0
4.491355708E0,7.843688965E-2,-6.795867920E-2,9.781259766E0,9.781810330E0
4.501386708E0,6.047424316E-2,-7.140151978E-2,9.775870972E0,9.776318764E0
4.511418708E0,7.753875732E-2,-6.466552734E-2,9.794881439E0,9.795401794E0
4.521450708E0,7.649093628E-2,-7.708969116E-2,9.769584045E0,9.770187619E0
4.531481708E0,5.763015747E-2,-8.696914673E-2,9.781409454E0,9.781965844E0
4.541512708E0,5.553451538E-2,-9.610015869E-2,9.781259766E0,9.781889486E0
4.551543708E0,6.406677246E-2,-9.071136475E-2,9.789043579E0,9.789673503E0
4.561574708E0,5.298980713E-2,-1.071771240E-1,9.786798248E0,9.787528534E0
4.571604708E0,5.179229736E-2,-1.053808594E-1,9.772128754E0,9.772834182E0
4.581635708E0,6.436614990E-2,-1.055305481E-1,9.771380310E0,9.772162139E0
4.591666708E0,4.939727783E-2,-1.041833496E-1,9.787995758E0,9.788674845E0
4.601697708E0,5.149291992E-2,-9.445358276E-2,9.778116302E0,9.778708065E0
4.611729708E0,7.214996338E-2,-9.385482788E-2,9.786199493E0,9.786915493E0
4.621761708E0,5.074447632E-2,-9.864486694E-2,9.794132996E0,9.794761199E0
4.631792708E0,6.077362061E-2,-7.259902954E-2,9.791139221E0,9.791596974E0
4.641824708E0,5.807922363E-2,-6.526428223E-2,9.776170349E0,9.776560710E0
4.651856708E0,7.125183105E-2,-7.364685059E-2,9.781559143E0,9.782095887E0
4.661888708E0,7.289840698E-2,-8.382568359E-2,9.782906342E0,9.783537060E0
4.671919708E0,7.514373779E-2,-7.634124756E-2,9.761051788E0,9.761639544E0
4.681950708E0,7.424560547E-2,-6.017486572E-2,9.773775330E0,9.774242560E0
4.691982708E0,6.526428223E-2,-8.187973022E-2,9.765991516E0,9.766552821E0
4.702014708E0,7.828720093E-2,-8.128097534E-2,9.786349182E0,9.786999836E0
4.712045708E0,7.155120850E-2,-7.813751221E-2,9.777667236E0,9.778241234E0
4.722076708E0,6.376739502E-2,-8.232879639E-2,9.788594513E0,9.789148423E0
4.732107708E0,7.244934082E-2,-8.517288208E-2,9.784103851E0,9.784742792E0
4.742137708E0,6.242019653E-2,-9.924362183E-2,9.768386536E0,9.769090085E0
4.752168708E0,6.062393188E-2,-9.729766846E-2,9.778565369E0,9.779237331E0
4.762198708E0,3.966751099E-2,-9.370513916E-2,9.794582062E0,9.795110613E0
4.772229708E0,5.194198608E-2,-1.010398865E-1,9.780062256E0,9.780722098E0
4.782260708E0,4.894821167E-2,-9.969268799E-2,9.784702606E0,9.785332884E0
4.792291708E0,6.212081909E-2,-9.310638428E-2,9.773326263E0,9.773967160E0
4.802322708E0,8.217910767E-2,-7.634124756E-2,9.782457275E0,9.783100313E0
4.812352708E0,5.164260864E-2,-8.202941895E-2,9.793384552E0,9.793864241E0
4.822382708E0,6.541397095E-2,-6.436614990E-2,9.786947937E0,9.787378194E0
4.832414708E0,6.780899048E-2,-6.197113037E-2,9.769134979E0,9.769566865E0
4.842444708E0,8.352630615E-2,-5.957611084E-2,9.763596497E0,9.764135523E0
4.852476708E0,7.574249268E-2,-5.448669434E-2,9.782457275E0,9.782902231E0
4.862507708E0,5.957611084E-2,-7.514373779E-2,9.776469727E0,9.776940023E0
4.872539708E0,5.508544922E-2,-7.529342651E-2,9.766290894E0,9.766736473E0
4.882570708E0,6.840774536E-2,-7.933502197E-2,9.779014435E0,9.779575501E0
4.892602708E0,6.676116943E-2,-9.071136475E-2,9.790241089E0,9.790888937E0
4.902633708E0,7.544311523E-2,-8.053253174E-2,9.781559143E0,9.782181578E0
4.912664708E0,7.349716187E-2,-7.963439941E-2,9.787696381E0,9.788296272E0
4.922695708E0,5.777984619E-2,-9.669891357E-2,9.776020660E0,9.776669635E0
4.932725708E0,4.475692749E-2,-9.220825195E-2,9.773475952E0,9.774013389E0
4.942756708E0,4.999603271E-2,-9.490264893E-2,9.772428131E0,9.773016816E0
4.952787708E0,4.355941772E-2,-9.295669556E-2,9.771080933E0,9.771620181E0
4.962817708E0,6.750961304E-2,-1.079255676E-1,9.773326263E0,9.774155295E0
4.972847708E0,6.271957397E-2,-1.019380188E-1,9.780211945E0,9.780944269E0
4.982877708E0,7.723937988E-2,-9.909393311E-2,9.790839844E0,9.791645948E0
4.992909708E0,5.748046875E-2,-9.101074219E-2,9.795180817E0,9.795772261E0
5.002940708E0,5.628295898E-2,-7.005432129E-2,9.770631866E0,9.771045105E0
5.012972708E0,6.765930176E-2,-6.975494385E-2,9.776619415E0,9.777102369E0
5.023004708E0,6.481521606E-2,-7.289840698E-2,9.782756653E0,9.783242965E0
5.033035708E0,4.984634399E-2,-6.256988525E-2,9.792636108E0,9.792962861E0
5.043067708E0,5.568420410E-2,-6.960525513E-2,9.765692139E0,9.766098943E0
5.053099708E0,7.514373779E-2,-7.903564453E-2,9.777517548E0,9.778125721E0
5.063130708E0,6.047424316E-2,-8.277786255E-2,9.782457275E0,9.782994411E0
5.073161708E0,7.439529419E-2,-8.786727905E-2,9.779613190E0,9.780290868E0
5.083192708E0,6.840774536E-2,-8.861572266E-2,9.786947937E0,9.787588175E0
5.093222708E0,7.454498291E-2,-9.505233765E-2,9.763746185E0,9.764493406E0
5.103253708E0,7.424560547E-2,-8.696914673E-2,9.786798248E0,9.787466270E0
5.113283708E0,6.451583862E-2,-8.622070312E-2,9.785001984E0,9.785594521E0
5.123314708E0,5.553451538E-2,-9.490264893E-2,9.773026886E0,9.773645436E0
5.133345708E0,5.673202515E-2,-7.783813477E-2,9.774074707E0,9.774549283E0
5.143376708E0,5.478607178E-2,-8.412506104E-2,9.776619415E0,9.777134843E0
5.153407708E0,5.852828979E-2,-9.011260986E-2,9.772877197E0,9.773467888E0
5.163438708E0,7.379653931E-2,-8.412506104E-2,9.765692139E0,9.766333289E0
5.173470708E0,7.229965210E-2,-8.532257080E-2,9.776469727E0,9.777109363E0
5.183500708E0,7.574249268E-2,-7.349716187E-2,9.794582062E0,9.795150664E0
5.193530708E0,7.304809570E-2,-7.544311523E-2,9.790540466E0,9.791103631E0
5.203560708E0,7.080276489E-2,-7.125183105E-2,9.781409454E0,9.781925208E0
5.213591708E0,8.472381592E-2,-8.412506104E-2,9.774374084E0,9.775103268E0
5.223622708E0,7.753875732E-2,-8.008346558E-2,9.760003967E0,9.760640505E0
5.233653708E0,6.032455444E-2,-6.990463257E-2,9.770931244E0,9.771367513E0
5.243684708E0,4.834945679E-2,-8.173004150E-2,9.797725525E0,9.798185696E0
5.253714708E0,5.613327026E-2,-9.340576172E-2,9.798473969E0,9.799079941E0
5.263745708E0,6.960525513E-2,-8.607101440E-2,9.789941711E0,9.790567492E0
5.273775708E0,6.316864014E-2,-8.936416626E-2,9.781708832E0,9.782320987E0
5.283807708E0,6.466552734E-2,-7.544311523E-2,9.782157898E0,9.782662543E0
5.293837708E0,6.541397095E-2,-7.125183105E-2,9.786498871E0,9.786976855E0
5.303868708E0,3.143463135E-2,-7.858657837E-2,9.771529999E0,9.771896566E0
5.313899708E0,5.598358154E-2,-8.951385498E-2,9.772877197E0,9.773447478E0
5.323930708E0,5.852828979E-2,-7.334747314E-2,9.779014435E0,9.779464644E0
5.333961708E0,5.149291992E-2,-7.858657837E-2,9.761201477E0,9.761653633E0
5.343992708E0,3.861968994E-2,-7.664062500E-2,9.782756653E0,9.783133087E0
5.354023708E0,4.565505981E-2,-7.888595581E-2,9.782157898E0,9.782582508E0
5.364053708E0,6.152206421E-2,-7.424560547E-2,9.790390778E0,9.790865587E0
5.374084708E0,7.649093628E-2,-8.173004150E-2,9.793384552E0,9.794024283E0
5.384114708E0,8.592132568E-2,-8.981323242E-2,9.773925018E0,9.774715298E0
5.394144708E0,6.855743408E-2,-9.445358276E-2,9.797575836E0,9.798270963E0
5.404175708E0,8.412506104E-2,-7.903564453E-2,9.770482178E0,9.771163986E0
5.414206708E0,6.661148071E-2,-8.666976929E-2,9.775571594E0,9.776182728E0
5.424237708E0,5.194198608E-2,-8.951385498E-2,9.787995758E0,9.788542877E0
5.434268708E0,7.125183105E-2,-7.963439941E-2,9.780062256E0,9.780646001E0
5.444299708E0,5.718109131E-2,-6.870712280E-2,9.775122528E0,9.775531228E0
5.454330708E0,5.493576050E-2,-7.544311523E-2,9.778116302E0,9.778561654E0
5.464361708E0,6.750961304E-2,-9.774673462E-2,9.760003967E0,9.760726890E0
5.474392708E0,7.349716187E-2,-6.855743408E-2,9.767488403E0,9.768005511E0
5.484423708E0,5.104385376E-2,-8.352630615E-2,9.795629883E0,9.796118972E0
5.494454708E0,6.691085815E-2,-8.352630615E-2,9.803713074E0,9.804297208E0
5.504485708E0,5.104385376E-2,-7.798782349E-2,9.771380310E0,9.771824842E0
5.514516708E0,5.388793945E-2,-6.855743408E-2,9.738448792E0,9.738839197E0
5.524548708E0,6.301895142E-2,-7.259902954E-2,9.786199493E0,9.786671678E0
5.534580708E0,4.849914551E-2,-6.885681152E-2,9.796827393E0,9.797189413E0
5.544612708E0,5.837860107E-2,-7.454498291E-2,9.770931244E0,9.771389993E0
5.554644708E0,6.271957397E-2,-7.185058594E-2,9.757608948E0,9.758075047E0
5.564675708E0,6.047424316E-2,-7.873626709E-2,9.767937469E0,9.768441992E0
5.574707708E0,6.316864014E-2,-8.891510010E-2,9.784702606E0,9.785310484E0
5.584739708E0,5.748046875E-2,-8.831634521E-2,9.781259766E0,9.781827354E0
5.594771708E0,7.005432129E-2,-8.292755127E-2,9.765841827E0,9.766445166E0
5.604802708E0,6.017486572E-2,-8.412506104E-2,9.768386536E0,9.768934105E0
5.614834708E0,6.122268677E-2,-9.595046997E-2,9.789043579E0,9.789705251E0
5.624865708E0,8.217910767E-2,-8.622070312E-2,9.783205719E0,9.783930782E0
5.634896708E0,7.349716187E-2,-8.637039185E-2,9.805659027E0,9.806314834E0
5.644928708E0,6.780899048E-2,-8.681945801E-2,9.773775330E0,9.774396138E0
5.654959708E0,7.035369873E-2,-6.586303711E-2,9.771679688E0,9.772154906E0
5.664991708E0,6.975494385E-2,-9.595046997E-2,9.779912567E0,9.780631987E0
5.675023708E0,6.212081909E-2,-6.047424316E-2,9.789792023E0,9.790175891E0
5.685054708E0,5.209167480E-2,-8.352630615E-2,9.773625641E0,9.774121360E0
5.695085708E0,4.700225830E-2,-7.619155884E-2,9.756261749E0,9.756672470E0
5.705117708E0,6.601272583E-2,-7.978408813E-2,9.772877197E0,9.773425801E0
5.715149708E0,6.436614990E-2,-7.319778442E-2,9.782008209E0,9.782493829E0
5.725181708E0,5.119354248E-2,-8.202941895E-2,9.794132996E0,9.794610290E0
5.735212708E0,8.472381592E-2,-8.801696777E-2,9.802515564E0,9.803276824E0
5.745244708E0,8.038284302E-2,-8.547225952E-2,9.787846069E0,9.788549310E0
5.755276708E0,6.586303711E-2,-8.187973022E-2,9.783654785E0,9.784219089E0
5.765307708E0,7.469467163E-2,-7.843688965E-2,9.778116302E0,9.778716177E0
5.775339708E0,6.691085815E-2,-8.592132568E-2,9.781259766E0,9.781865985E0
5.785370708E0,6.990463257E-2,-8.891510010E-2,9.766889648E0,9.767544520E0
5.795402708E0,7.095245361E-2,-7.125183105E-2,9.777218170E0,9.777735230E0
5.805434708E0,7.738906860E-2,-9.669891357E-2,9.792636108E0,9.793419306E0
5.815465708E0,4.445755005E-2,-1.053808594E-1,9.784702606E0,9.785371055E0
5.825497708E0,5.957611084E-2,-1.014889526E-1,9.768685913E0,9.769394750E0
5.835528708E0,7.559280396E-2,-9.250762939E-2,9.778565369E0,9.779295097E0
5.845560708E0,7.858657837E-2,-8.292755127E-2,9.786947937E0,9.787614763E0
5.855592708E0,7.334747314E-2,-9.295669556E-2,9.788295135E0,9.789011312E0
5.865624708E0,5.837860107E-2,-8.217910767E-2,9.767189026E0,9.767709196E0
5.875656708E0,5.807922363E-2,-8.652008057E-2,9.773625641E0,9.774181147E0
5.885688708E0,6.945556641E-2,-7.499404907E-2,9.789941711E0,9.790475315E0
5.895720708E0,5.478607178E-2,-8.906478882E-2,9.782307587E0,9.782866439E0
5.905751708E0,3.727249146E-2,-6.960525513E-2,9.779164124E0,9.779482864E0
5.915783708E0,6.481521606E-2,-8.008346558E-2,9.774074707E0,9.774617678E0
5.925819000E0,5.328918457E-2,-7.304809570E-2,9.777218170E0,9.777636264E0
5.935851000E0,6.137237549E-2,-8.217910767E-2,9.777667236E0,9.778205181E0
5.945882000E0,6.077362061E-2,-8.113128662E-2,9.785151672E0,9.785676725E0
5.955914000E0,7.065307617E-2,-9.565109253E-2,9.787097626E0,9.787820029E0
5.965945000E0,6.825805664E-2,-8.292755127E-2,9.781409454E0,9.781999134E0
5.975976000E0,8.801696777E-2,-6.586303711E-2,9.775122528E0,9.775740656E0
5.986007000E0,6.735992432E-2,-8.098159790E-2,9.768536224E0,9.769104122E0
5.996038000E0,5.029541016E-2,-8.053253174E-2,9.775421906E0,9.775883006E0
6.006070000E0,6.032455444E-2,-8.532257080E-2,9.779014435E0,9.779572706E0
6.016101000E0,5.673202515E-2,-9.101074219E-2,9.770332489E0,9.770921063E0
6.026133000E0,5.553451538E-2,-1.005908203E-1,9.800419922E0,9.801093472E0
6.036166000E0,7.035369873E-2,-9.295669556E-2,9.785750427E0,9.786444810E0
6.046199000E0,8.322692871E-2,-8.816665649E-2,9.783205719E0,9.783956982E0
6.056231000E0,8.487350464E-2,-8.786727905E-2,9.762698364E0,9.763462681E0
6.066264000E0,7.364685059E-2,-7.978408813E-2,9.766440582E0,9.767044128E0
6.076297000E0,6.271957397E-2,-7.319778442E-2,9.796378326E0,9.796852555E0
6.086329000E0,5.313949585E-2,-6.361770630E-2,9.785451050E0,9.785802127E0
6.096361000E0,3.817062378E-2,-8.217910767E-2,9.764045563E0,9.764465994E0
6.106393000E0,4.430786133E-2,-7.394622803E-2,9.790091400E0,9.790470921E0
6.116426000E0,4.400848389E-2,-7.244934082E-2,9.769883423E0,9.770251161E0
6.126457000E0,6.646179199E-2,-7.753875732E-2,9.774972839E0,9.775506301E0
6.136489000E0,4.715194702E-2,-8.756790161E-2,9.786498871E0,9.787004220E0
6.146519000E0,6.421646118E-2,-9.340576172E-2,9.798623657E0,9.799279257E0
6.156550000E0,6.960525513E-2,-9.131011963E-2,9.773475952E0,9.774150327E0
6.166582000E0,5.688171387E-2,-7.723937988E-2,9.773775330E0,9.774246040E0
6.176614000E0,5.448669434E-2,-8.337661743E-2,9.776170349E0,9.776677716E0
6.186645000E0,6.002517700E-2,-9.101074219E-2,9.777966614E0,9.778574389E0
6.196676000E0,5.807922363E-2,-9.984237671E-2,9.775571594E0,9.776253970E0
6.206708000E0,4.266128540E-2,-1.092727661E-1,9.779613190E0,9.780316695E0
6.216741000E0,6.496490479E-2,-9.759704590E-2,9.775571594E0,9.776274629E0
6.226773000E0,6.556365967E-2,-9.131011963E-2,9.775122528E0,9.775768848E0
6.236806000E0,7.200027466E-2,-9.101074219E-2,9.795330505E0,9.796017900E0
6.246837000E0,7.319778442E-2,-8.891510010E-2,9.787995758E0,9.788673290E0
6.256869000E0,8.472381592E-2,-7.619155884E-2,9.770033112E0,9.770697533E0
6.266900000E0,7.783813477E-2,-8.861572266E-2,9.766290894E0,9.767003089E0
6.276932000E0,6.047424316E-2,-7.649093628E-2,9.774673462E0,9.775159809E0
6.286963000E0,6.301895142E-2,-8.008346558E-2,9.787995758E0,9.788526228E0
6.296995000E0,4.924758911E-2,-7.738906860E-2,9.790390778E0,9.790820495E0
6.307026000E0,4.535568237E-2,-8.008346558E-2,9.766141205E0,9.766574862E0
6.317058000E0,5.852828979E-2,-7.768844604E-2,9.774374084E0,9.774858045E0
6.327090000E0,5.044509888E-2,-9.205856323E-2,9.767787781E0,9.768351837E0
6.337122000E0,5.822891235E-2,-8.307723999E-2,9.775721283E0,9.776247697E0
6.347154000E0,4.924758911E-2,-7.035369873E-2,9.783954163E0,9.784331046E0
6.357185000E0,4.430786133E-2,-7.364685059E-2,9.783804474E0,9.784181981E0
6.367218000E0,5.298980713E-2,-8.397537231E-2,9.774224396E0,9.774728759E0
6.377250000E0,3.218307495E-2,-8.083190918E-2,9.769134979E0,9.769522393E0
6.387283000E0,4.670288086E-2,-1.008901978E-1,9.778415680E0,9.779047663E0
6.397315000E0,5.164260864E-2,-8.622070312E-2,9.798473969E0,9.798989391E0
6.407346000E0,5.688171387E-2,-8.547225952E-2,9.790839844E0,9.791378140E0
6.417377000E0,6.481521606E-2,-9.475296021E-2,9.779912567E0,9.780586330E0
6.427409000E0,6.227050781E-2,-8.861572266E-2,9.771829376E0,9.772429571E0
6.437440000E0,7.319778442E-2,-7.125183105E-2,9.782906342E0,9.783439642E0
6.447472000E0,6.750961304E-2,-6.765930176E-2,9.765991516E0,9.766459216E0
6.457504000E0,7.738906860E-2,-7.170089722E-2,9.773176575E0,9.773745978E0
6.467535000E0,7.364685059E-2,-7.514373779E-2,9.770781555E0,9.771348046E0
6.477568000E0,8.202941895E-2,-6.481521606E-2,9.779912567E0,9.780471341E0
6.487599000E0,7.035369873E-2,-7.589218140E-2,9.771230621E0,9.771778606E0
6.497631000E0,8.113128662E-2,-7.649093628E-2,9.793683929E0,9.794318662E0
6.507663000E0,6.810836792E-2,-9.205856323E-2,9.782457275E0,9.783127510E0
6.517695000E0,6.436614990E-2,-8.128097534E-2,9.762997742E0,9.763548254E0
6.527726000E0,6.975494385E-2,-9.011260986E-2,9.772577820E0,9.773242209E0
6.537759000E0,6.496490479E-2,-7.020401001E-2,9.800569611E0,9.801036360E0
6.547790000E0,6.795867920E-2,-8.217910767E-2,9.808952179E0,9.809531826E0
6.557822000E0,4.969665527E-2,-8.083190918E-2,9.776619415E0,9.777079868E0
6.567853000E0,7.424560547E-2,-8.397537231E-2,9.770182800E0,9.770825770E0
6.577885000E0,5.179229736E-2,-7.843688965E-2,9.779164124E0,9.779615828E0
6.587916000E0,3.981719971E-2,-7.559280396E-2,9.786648560E0,9.787021493E0
6.597948000E0,3.188369751E-2,-8.592132568E-2,9.787995758E0,9.788424797E0
6.607980000E0,4.745132446E-2,-9.175918579E-2,9.760453033E0,9.760999682E0
6.618012000E0,4.041595459E-2,-9.026229858E-2,9.778565369E0,9.779065467E0
6.628044000E0,5.987548828E-2,-9.984237671E-2,9.796378326E0,9.797070067E0
6.638077000E0,7.379653931E-2,-9.834548950E-2,9.790690155E0,9.791462173E0
6.648109000E0,9.011260986E-2,-9.744735718E-2,9.774074707E0,9.774975839E0
6.658141000E0,9.520202637E-2,-6.361770630E-2,9.774972839E0,9.775643439E0
6.668174000E0,5.807922363E-2,-7.364685059E-2,9.772278442E0,9.772728535E0
6.678206000E0,6.885681152E-2,-6.945556641E-2,9.785001984E0,9.785490747E0
6.688238000E0,5.957611084E-2,-7.993377686E-2,9.770033112E0,9.770541731E0
6.698270000E0,7.319778442E-2,-7.963439941E-2,9.782457275E0,9.783055244E0
6.708303000E0,6.107299805E-2,-8.607101440E-2,9.781708832E0,9.782278150E0
6.718335000E0,6.601272583E-2,-9.385482788E-2,9.784253540E0,9.784926354E0
6.728368000E0,7.798782349E-2,-1.137634277E-1,9.795180817E0,9.796151869E0
6.738400000E0,7.394622803E-2,-9.370513916E-2,9.775571594E0,9.776300358E0
6.748433000E0,7.005432129E-2,-8.726852417E-2,9.783954163E0,9.784594139E0
6.758465000E0,8.397537231E-2,-8.427474976E-2,9.796078949E0,9.796801359E0
6.768496000E0,6.227050781E-2,-9.056167603E-2,9.780960388E0,9.781577846E0
6.778528000E0,4.969665527E-2,-7.229965210E-2,9.759554901E0,9.759949225E0
6.788559000E0,4.131408691E-2,-7.454498291E-2,9.767638092E0,9.768009915E0
6.798590000E0,5.149291992E-2,-7.679031372E-2,9.795330505E0,9.795766840E0
6.808621000E0,5.837860107E-2,-8.652008057E-2,9.786349182E0,9.786905747E0
6.818652000E0,6.047424316E-2,-8.607101440E-2,9.774374084E0,9.774940107E0
6.828683000E0,6.900650024E-2,-9.774673462E-2,9.767937469E0,9.768670264E0
6.838714000E0,6.122268677E-2,-9.205856323E-2,9.780960388E0,9.781585204E0
6.848745000E0,9.056167603E-2,-7.798782349E-2,9.775870972E0,9.776601494E0
6.858775000E0,5.104385376E-2,-7.409591675E-2,9.775421906E0,9.775835980E0
6.868806000E0,6.002517700E-2,-8.292755127E-2,9.778565369E0,9.779101220E0
6.878837000E0,6.810836792E-2,-8.666976929E-2,9.758357391E0,9.758979935E0
6.888869000E0,6.466552734E-2,-7.933502197E-2,9.786798248E0,9.787333428E0
6.898900000E0,6.376739502E-2,-8.277786255E-2,9.780960388E0,9.781518521E0
6.908932000E0,7.813751221E-2,-9.505233765E-2,9.768087158E0,9.768862121E0
6.918963000E0,7.170089722E-2,-9.490264893E-2,9.770931244E0,9.771655177E0
6.928990750E0,7.334747314E-2,-8.562194824E-2,9.787995758E0,9.788645051E0
6.939022750E0,6.301895142E-2,-9.639953613E-2,9.791438599E0,9.792115915E0
6.949054750E0,6.361770630E-2,-8.981323242E-2,9.767488403E0,9.768108483E0
6.959085750E0,6.900650024E-2,-8.846603394E-2,9.774823151E0,9.775467036E0
6.969116750E0,5.673202515E-2,-7.948471069E-2,9.778565369E0,9.779052971E0
6.979147750E0,4.116439819E-2,-8.008346558E-2,9.790390778E0,9.790804842E0
6.989178750E0,5.388793945E-2,-9.101074219E-2,9.781708832E0,9.782280641E0
6.999210750E0,5.897735596E-2,-6.706054688E-2,9.781708832E0,9.782116495E0
7.009241750E0,6.810836792E-2,-7.993377686E-2,9.774673462E0,9.775237565E0
7.019273750E0,6.242019653E-2,-9.175918579E-2,9.778265991E0,9.778895736E0
7.029304750E0,8.951385498E-2,-9.430389404E-2,9.795031128E0,9.795894076E0
7.039336750E0,7.604187012E-2,-8.786727905E-2,9.791588287E0,9.792277785E0
7.049367750E0,8.921447754E-2,-7.170089722E-2,9.772727509E0,9.773397730E0
7.059398750E0,7.259902954E-2,-9.056167603E-2,9.783804474E0,9.784492936E0
7.069430750E0,5.763015747E-2,-7.903564453E-2,9.803264008E0,9.803751989E0
7.079461750E0,5.733078003E-2,-7.304809570E-2,9.794282684E0,9.794722872E0
7.089492750E0,6.631210327E-2,-7.918533325E-2,9.772278442E0,9.772824237E0
7.099523750E0,5.418731689E-2,-8.996292114E-2,9.765093384E0,9.765658113E0
7.109554750E0,5.583389282E-2,-9.011260986E-2,9.792486420E0,9.793060195E0
7.119584750E0,5.673202515E-2,-8.382568359E-2,9.777218170E0,9.777742092E0
7.129616750E0,8.786727905E-2,-1.011895752E-1,9.789642334E0,9.790559586E0
7.139646750E0,6.481521606E-2,-8.577163696E-2,9.781409454E0,9.782000240E0
7.149677750E0,5.044509888E-2,-7.499404907E-2,9.776918793E0,9.777336544E0
7.159709750E0,5.792953491E-2,-8.143066406E-2,9.785900116E0,9.786410367E0
7.169740750E0,6.346801758E-2,-7.843688965E-2,9.776320038E0,9.776840697E0
7.179772750E0,4.505630493E-2,-7.409591675E-2,9.785001984E0,9.785386252E0
7.189803750E0,4.685256958E-2,-9.984237671E-2,9.764195251E0,9.764818102E0
7.199833750E0,5.733078003E-2,-9.774673462E-2,9.786049805E0,9.786705882E0
7.209863750E0,6.691085815E-2,-9.520202637E-2,9.786798248E0,9.787489997E0
7.219894750E0,6.137237549E-2,-8.891510010E-2,9.776619415E0,9.777216355E0
7.229924750E0,5.269042969E-2,-7.873626709E-2,9.776320038E0,9.776779079E0
7.239955750E0,6.780899048E-2,-8.607101440E-2,9.784702606E0,9.785316110E0
7.249986750E0,6.975494385E-2,-8.592132568E-2,9.793534241E0,9.794159543E0
7.260018750E0,7.065307617E-2,-7.649093628E-2,9.769134979E0,9.769689911E0
7.270048750E0,6.316864014E-2,-8.951385498E-2,9.776170349E0,9.776784221E0
7.280079750E0,5.852828979E-2,-8.577163696E-2,9.793833618E0,9.794384068E0
7.290110750E0,5.972579956E-2,-7.364685059E-2,9.789342957E0,9.789802171E0
7.300142750E0,6.361770630E-2,-7.529342651E-2,9.778715057E0,9.779211854E0
7.310173750E0,5.852828979E-2,-8.547225952E-2,9.781409454E0,9.781957983E0
7.320204750E0,6.945556641E-2,-8.053253174E-2,9.764045563E0,9.764624689E0
7.330236750E0,9.175918579E-2,-9.819580078E-2,9.773625641E0,9.774549623E0
7.340267750E0,8.397537231E-2,-9.475296021E-2,9.781708832E0,9.782528183E0
7.350299750E0,5.792953491E-2,-6.930587769E-2,9.778116302E0,9.778533508E0
7.360330750E0,5.777984619E-2,-5.733078003E-2,9.776020660E0,9.776359511E0
7.370360750E0,5.748046875E-2,-8.622070312E-2,9.784702606E0,9.785251305E0
7.380391750E0,5.658233643E-2,-7.574249268E-2,9.779014435E0,9.779471448E0
7.390422750E0,5.328918457E-2,-9.789642334E-2,9.762848053E0,9.763484294E0
7.400454750E0,4.775070190E-2,-8.187973022E-2,9.778265991E0,9.778725388E0
7.410485750E0,7.334747314E-2,-8.532257080E-2,9.789342957E0,9.789989546E0
7.420516750E0,8.038284302E-2,-9.819580078E-2,9.786798248E0,9.787620945E0
7.430547750E0,8.038284302E-2,-9.475296021E-2,9.791887665E0,9.792676017E0
7.440580750E0,6.122268677E-2,-9.550140381E-2,9.780361633E0,9.781019498E0
7.450612750E0,5.448669434E-2,-9.011260986E-2,9.776469727E0,9.777036841E0
7.460644750E0,6.616241455E-2,-7.873626709E-2,9.777816925E0,9.778357770E0
7.470675750E0,2.978805542E-2,-7.409591675E-2,9.775421906E0,9.775748103E0
7.480706750E0,3.457809448E-2,-8.981323242E-2,9.790241089E0,9.790714103E0
7.490738750E0,5.613327026E-2,-9.370513916E-2,9.779164124E0,9.779774157E0
7.500769750E0,7.813751221E-2,-8.756790161E-2,9.772278442E0,9.772983146E0
7.510800750E0,5.074447632E-2,-6.256988525E-2,9.766440582E0,9.766772836E0
7.520831750E0,5.613327026E-2,-6.691085815E-2,9.771230621E0,9.771620943E0
7.530861750E0,6.601272583E-2,-7.185058594E-2,9.789043579E0,9.789529834E0
7.540891750E0,8.143066406E-2,-6.107299805E-2,9.780511322E0,9.781040977E0
7.550921750E0,7.140151978E-2,-8.756790161E-2,9.771679688E0,9.772332896E0
7.560952750E0,6.421646118E-2,-9.131011963E-2,9.775272217E0,9.775909584E0
7.570983750E0,6.481521606E-2,-8.472381592E-2,9.775272217E0,9.775854236E0
7.581014750E0,5.164260864E-2,-8.861572266E-2,9.779164124E0,9.779701972E0
7.591045750E0,4.535568237E-2,-7.888595581E-2,9.787397003E0,9.787819994E0
7.601076750E0,5.688171387E-2,-9.235794067E-2,9.778864746E0,9.779466307E0
7.611107750E0,4.849914551E-2,-8.412506104E-2,9.776918793E0,9.777400998E0
7.621139750E0,6.571334839E-2,-8.696914673E-2,9.776170349E0,9.776778026E0
7.631170750E0,6.092330933E-2,-1.029858398E-1,9.787546692E0,9.788278091E0
7.641201750E0,5.942642212E-2,-7.694000244E-2,9.789941711E0,9.790424402E0
7.651231750E0,5.777984619E-2,-9.834548950E-2,9.767638092E0,9.768304062E0
7.661262750E0,7.334747314E-2,-7.080276489E-2,9.767039337E0,9.767571361E0
7.671293750E0,6.376739502E-2,-7.035369873E-2,9.764195251E0,9.764656923E0
7.681324750E0,6.346801758E-2,-8.038284302E-2,9.776320038E0,9.776856503E0
7.691354750E0,5.388793945E-2,-7.200027466E-2,9.758207703E0,9.758622112E0
7.701384750E0,6.885681152E-2,-5.987548828E-2,9.773625641E0,9.774051591E0
7.711414750E0,7.514373779E-2,-6.077362061E-2,9.793085175E0,9.793562031E0
7.721444750E0,8.622070312E-2,-9.415420532E-2,9.791887665E0,9.792719901E0
7.731474750E0,6.885681152E-2,-1.055305481E-1,9.774374084E0,9.775186274E0
7.741505750E0,7.259902954E-2,-9.624984741E-2,9.788444824E0,9.789187235E0
7.751535750E0,5.508544922E-2,-8.607101440E-2,9.771829376E0,9.772363685E0
7.761566750E0,3.637435913E-2,-8.217910767E-2,9.781708832E0,9.782121660E0
7.771597750E0,6.361770630E-2,-9.340576172E-2,9.791588287E0,9.792240450E0
7.781628750E0,6.017486572E-2,-8.846603394E-2,9.780062256E0,9.780647473E0
7.791658750E0,4.640350342E-2,-8.996292114E-2,9.777068481E0,9.777592480E0
7.801689750E0,6.481521606E-2,-9.086105347E-2,9.793384552E0,9.794020509E0
7.811720750E0,5.254074097E-2,-1.022373962E-1,9.782307587E0,9.782982916E0
7.821750750E0,5.478607178E-2,-8.292755127E-2,9.773176575E0,9.773681950E0
7.831780750E0,7.140151978E-2,-8.442443848E-2,9.765991516E0,9.766617427E0
7.841811750E0,5.269042969E-2,-8.861572266E-2,9.778864746E0,9.779408200E0
7.851842750E0,6.810836792E-2,-9.265731812E-2,9.777517548E0,9.778193776E0
7.861872750E0,8.352630615E-2,-8.262817383E-2,9.783056030E0,9.783761513E0
7.871903750E0,6.047424316E-2,-7.903564453E-2,9.766739960E0,9.767246962E0
7.881933750E0,5.074447632E-2,-7.843688965E-2,9.787846069E0,9.788291885E0
7.891963750E0,6.137237549E-2,-7.140151978E-2,9.786648560E0,9.787101449E0
7.901993750E0,8.023315430E-2,-7.993377686E-2,9.778265991E0,9.778921851E0
7.912023750E0,6.182144165E-2,-7.873626709E-2,9.779164124E0,9.779676490E0
7.922053750E0,6.301895142E-2,-9.460327148E-2,9.783654785E0,9.784315107E0
7.932083583E0,6.616241455E-2,-8.861572266E-2,9.779762878E0,9.780388140E0
7.942114583E0,8.008346558E-2,-1.077758789E-1,9.772877197E0,9.773799554E0
7.952144583E0,7.110214233E-2,-9.235794067E-2,9.780960388E0,9.781654851E0
7.962175583E0,5.493576050E-2,-9.430389404E-2,9.775571594E0,9.776180806E0
7.972205583E0,7.050338745E-2,-7.903564453E-2,9.781708832E0,9.782282199E0
7.982236583E0,7.499404907E-2,-7.664062500E-2,9.785151672E0,9.785739172E0
7.992266583E0,5.718109131E-2,-7.634124756E-2,9.771380310E0,9.771845825E0
8.002296583E0,8.502319336E-2,-7.529342651E-2,9.764494629E0,9.765155063E0
8.012327583E0,5.777984619E-2,-8.098159790E-2,9.774074707E0,9.774580958E0
8.022357583E0,4.864883423E-2,-7.140151978E-2,9.802066498E0,9.802447272E0
8.032387583E0,5.927673340E-2,-8.158035278E-2,9.773775330E0,9.774295539E0
8.042418583E0,5.643264771E-2,-8.262817383E-2,9.766141205E0,9.766653782E0
8.052449583E0,8.592132568E-2,-6.661148071E-2,9.787696381E0,9.788300159E0
8.062481583E0,5.882766724E-2,-8.547225952E-2,9.781858521E0,9.782408820E0
8.072511583E0,4.340972900E-2,-7.918533325E-2,9.772278442E0,9.772695671E0
8.082542583E0,4.939727783E-2,-8.232879639E-2,9.762997742E0,9.763469825E0
8.092572583E0,8.412506104E-2,-9.550140381E-2,9.771979065E0,9.772807805E0
8.102602583E0,6.825805664E-2,-8.607101440E-2,9.778116302E0,9.778733344E0
8.112633583E0,6.975494385E-2,-8.158035278E-2,9.762398987E0,9.762989045E0
8.122664583E0,8.008346558E-2,-8.921447754E-2,9.761051788E0,9.761787982E0
8.132695583E0,7.469467163E-2,-9.190887451E-2,9.784852295E0,9.785569016E0
8.142725583E0,6.137237549E-2,-8.696914673E-2,9.792336731E0,9.792915238E0
8.152756583E0,5.134323120E-2,-1.016386414E-1,9.772128754E0,9.772792176E0
8.162787583E0,6.152206421E-2,-8.981323242E-2,9.786947937E0,9.787553387E0
8.172817583E0,6.706054688E-2,-8.487350464E-2,9.801767120E0,9.802363965E0
8.182848583E0,4.954696655E-2,-8.352630615E-2,9.779313812E0,9.779796020E0
8.192879583E0,6.721023560E-2,-6.631210327E-2,9.783205719E0,9.783661311E0
8.202910583E0,6.331832886E-2,-8.292755127E-2,9.782008209E0,9.782564633E0
8.212941583E0,6.960525513E-2,-8.427474976E-2,9.773326263E0,9.773937455E0
8.222971583E0,7.439529419E-2,-7.559280396E-2,9.794881439E0,9.795455647E0
8.233002583E0,7.574249268E-2,-7.035369873E-2,9.770931244E0,9.771478084E0
8.243033583E0,8.068222046E-2,-8.367599487E-2,9.768685913E0,9.769377450E0
8.253063583E0,6.316864014E-2,-8.951385498E-2,9.783654785E0,9.784268187E0
8.263093583E0,5.014572144E-2,-8.442443848E-2,9.785900116E0,9.786392755E0
8.273123583E0,6.271957397E-2,-9.400451660E-2,9.773925018E0,9.774578296E0
8.283153583E0,6.107299805E-2,-8.412506104E-2,9.778864746E0,9.779417297E0
8.293183583E0,4.625381470E-2,-9.505233765E-2,9.800120544E0,9.800690641E0
8.303213583E0,6.092330933E-2,-8.786727905E-2,9.785301361E0,9.785885501E0
8.313243583E0,6.361770630E-2,-9.145980835E-2,9.772727509E0,9.773362526E0
8.323272583E0,7.409591675E-2,-1.007405090E-1,9.784552917E0,9.785352045E0
8.333302583E0,8.292755127E-2,-1.022373962E-1,9.793384552E0,9.794269266E0
8.343332583E0,5.134323120E-2,-8.098159790E-2,9.782756653E0,9.783226557E0
8.353361583E0,6.017486572E-2,-7.918533325E-2,9.770931244E0,9.771437392E0
8.363391583E0,6.900650024E-2,-7.679031372E-2,9.789642334E0,9.790186703E0
8.373421583E0,6.855743408E-2,-6.885681152E-2,9.801318054E0,9.801799681E0
8.383451583E0,5.987548828E-2,-6.481521606E-2,9.763746185E0,9.764144901E0
8.393480583E0,5.942642212E-2,-7.679031372E-2,9.770482178E0,9.770964652E0
8.403511583E0,6.451583862E-2,-7.155120850E-2,9.791737976E0,9.792211929E0
8.413541583E0,6.541397095E-2,-7.858657837E-2,9.789492645E0,9.790026613E0
8.423571583E0,6.900650024E-2,-8.472381592E-2,9.783355408E0,9.783965610E0
8.433601583E0,7.439529419E-2,-8.143066406E-2,9.782157898E0,9.782779705E0
8.443631583E0,7.424560547E-2,-8.068222046E-2,9.777068481E0,9.777683270E0
8.453661583E0,5.703140259E-2,-9.565109253E-2,9.791288910E0,9.791922193E0
8.463691583E0,7.050338745E-2,-8.128097534E-2,9.790241089E0,9.790832340E0
8.473720583E0,6.212081909E-2,-8.831634521E-2,9.775571594E0,9.776167898E0
8.483750583E0,4.340972900E-2,-9.340576172E-2,9.782457275E0,9.782999509E0
8.493781583E0,6.182144165E-2,-8.517288208E-2,9.776469727E0,9.777036188E0
8.503810583E0,5.688171387E-2,-8.726852417E-2,9.769883423E0,9.770438753E0
8.513840583E0,5.074447632E-2,-9.280700684E-2,9.763297119E0,9.763870072E0
8.523870583E0,6.301895142E-2,-8.143066406E-2,9.763596497E0,9.764139434E0
8.533900583E0,5.777984619E-2,-7.110214233E-2,9.779164124E0,9.779593293E0
8.543929583E0,6.646179199E-2,-8.143066406E-2,9.789043579E0,9.789607873E0
8.553959583E0,7.020401001E-2,-8.098159790E-2,9.780960388E0,9.781547564E0
8.563989583E0,6.765930176E-2,-8.307723999E-2,9.761949921E0,9.762537880E0
8.574019583E0,7.723937988E-2,-9.325607300E-2,9.783654785E0,9.784404099E0
8.584049583E0,6.481521606E-2,-8.158035278E-2,9.796977081E0,9.797531133E0
8.594079583E0,5.748046875E-2,-9.340576172E-2,9.787546692E0,9.788161160E0
8.604109583E0,6.421646118E-2,-8.487350464E-2,9.780062256E0,9.780641339E0
8.614139583E0,7.349716187E-2,-8.801696777E-2,9.780661011E0,9.781333172E0
8.624169583E0,6.870712280E-2,-9.131011963E-2,9.782307587E0,9.782975004E0
8.634199583E0,7.604187012E-2,-9.056167603E-2,9.788594513E0,9.789308777E0
8.644230583E0,7.244934082E-2,-8.367599487E-2,9.785750427E0,9.786376347E0
8.654260583E0,6.735992432E-2,-8.607101440E-2,9.762848053E0,9.763459821E0
8.664290583E0,6.780899048E-2,-8.412506104E-2,9.790241089E0,9.790837332E0
8.674320583E0,6.840774536E-2,-8.008346558E-2,9.775122528E0,9.775689920E0
8.684350583E0,6.361770630E-2,-7.948471069E-2,9.787546692E0,9.788076179E0
8.694379583E0,7.274871826E-2,-8.502319336E-2,9.789941711E0,9.790581190E0
8.704409583E0,4.924758911E-2,-7.888595581E-2,9.773775330E0,9.774217744E0
8.714439583E0,7.918533325E-2,-7.664062500E-2,9.777218170E0,9.777839191E0
8.724469583E0,8.966354370E-2,-7.933502197E-2,9.768685913E0,9.769419536E0
8.734499583E0,6.631210327E-2,-6.930587769E-2,9.767338715E0,9.767809691E0
8.744529583E0,6.182144165E-2,-5.897735596E-2,9.771829376E0,9.772202903E0
8.754559583E0,8.741821289E-2,-8.247848511E-2,9.781708832E0,9.782447154E0
8.764589583E0,7.080276489E-2,-1.035845947E-1,9.778715057E0,9.779519977E0
8.774619583E0,7.738906860E-2,-8.143066406E-2,9.770781555E0,9.771427338E0
8.784649583E0,6.571334839E-2,-9.400451660E-2,9.769733734E0,9.770406968E0
8.794679583E0,6.451583862E-2,-9.026229858E-2,9.790690155E0,9.791318772E0
8.804708583E0,6.541397095E-2,-7.619155884E-2,9.792636108E0,9.793150979E0
8.814738583E0,5.837860107E-2,-8.637039185E-2,9.787696381E0,9.788251547E0
8.824768583E0,5.284011841E-2,-8.217910767E-2,9.776619415E0,9.777107582E0
8.834798583E0,5.358856201E-2,-9.101074219E-2,9.795779572E0,9.796348917E0
8.844828583E0,6.122268677E-2,-7.918533325E-2,9.796078949E0,9.796590290E0
8.854858583E0,5.837860107E-2,-7.454498291E-2,9.773925018E0,9.774383627E0
8.864889583E0,7.155120850E-2,-7.888595581E-2,9.755213928E0,9.755795270E0
8.874918583E0,6.227050781E-2,-7.649093628E-2,9.781559143E0,9.782056417E0
8.884948583E0,5.403762817E-2,-6.032455444E-2,9.784552917E0,9.784888089E0
8.894978583E0,6.765930176E-2,-7.454498291E-2,9.777816925E0,9.778335163E0
8.905008583E0,7.125183105E-2,-7.559280396E-2,9.783205719E0,9.783757215E0
8.915037583E0,6.691085815E-2,-8.098159790E-2,9.776619415E0,9.777183760E0
8.925067583E0,8.337661743E-2,-7.783813477E-2,9.779014435E0,9.779679634E0
8.935102208E0,8.053253174E-2,-7.723937988E-2,9.757159882E0,9.757797926E0
8.945132208E0,5.418731689E-2,-7.080276489E-2,9.770931244E0,9.771338018E0
8.955162208E0,3.772155762E-2,-8.861572266E-2,9.774972839E0,9.775447288E0
8.965192208E0,4.640350342E-2,-9.445358276E-2,9.788145447E0,9.788711154E0
8.975223208E0,5.044509888E-2,-9.310638428E-2,9.787097626E0,9.787670481E0
8.985253208E0,5.508544922E-2,-1.022373962E-1,9.778265991E0,9.778955603E0
8.995283208E0,6.197113037E-2,-9.011260986E-2,9.762848053E0,9.763460596E0
9.005313208E0,6.496490479E-2,-9.086105347E-2,9.777816925E0,9.778454888E0
9.015343208E0,6.765930176E-2,-8.577163696E-2,9.779463501E0,9.780073666E0
9.025373208E0,6.631210327E-2,-7.858657837E-2,9.787696381E0,9.788236490E0
9.035403208E0,5.044509888E-2,-8.517288208E-2,9.802515564E0,9.803015378E0
9.045433208E0,5.029541016E-2,-7.993377686E-2,9.785451050E0,9.785906769E0
9.055463208E0,5.104385376E-2,-8.876541138E-2,9.774074707E0,9.774611049E0
9.065493208E0,6.526428223E-2,-8.681945801E-2,9.778415680E0,9.779018880E0
9.075523208E0,6.765930176E-2,-8.412506104E-2,9.779014435E0,9.779610326E0
9.085554208E0,8.292755127E-2,-6.451583862E-2,9.760303345E0,9.760868847E0
9.095585208E0,6.945556641E-2,-6.152206421E-2,9.758058014E0,9.758499129E0
9.105617208E0,6.361770630E-2,-8.801696777E-2,9.783804474E0,9.784407196E0
9.115648208E0,6.481521606E-2,-8.472381592E-2,9.787846069E0,9.788427341E0
9.125678208E0,7.559280396E-2,-7.634124756E-2,9.780062256E0,9.780652329E0
9.135709208E0,7.364685059E-2,-7.634124756E-2,9.783654785E0,9.784229801E0
9.145740208E0,5.388793945E-2,-7.379653931E-2,9.786349182E0,9.786775779E0
9.155770208E0,3.936813354E-2,-7.244934082E-2,9.774374084E0,9.774721863E0
9.165801208E0,6.376739502E-2,-7.753875732E-2,9.778565369E0,9.779080693E0
9.175832208E0,5.224136353E-2,-8.996292114E-2,9.773625641E0,9.774179283E0
9.185862208E0,5.074447632E-2,-8.412506104E-2,9.779613190E0,9.780106654E0
9.195893208E0,5.658233643E-2,-8.187973022E-2,9.775721283E0,9.776227926E0
9.205925208E0,6.511459351E-2,-8.666976929E-2,9.789043579E0,9.789643801E0
9.215956208E0,6.421646118E-2,-8.277786255E-2,9.767488403E0,9.768050247E0
9.225987208E0,6.451583862E-2,-9.175918579E-2,9.774074707E0,9.774718329E0
9.236017208E0,5.792953491E-2,-7.035369873E-2,9.778715057E0,9.779139719E0
9.246047208E0,6.256988525E-2,-5.598358154E-2,9.782307587E0,9.782667881E0
9.256077208E0,7.005432129E-2,-8.337661743E-2,9.778265991E0,9.778872382E0
9.266108208E0,6.182144165E-2,-7.035369873E-2,9.771380310E0,9.771829138E0
9.276138208E0,5.897735596E-2,-6.616241455E-2,9.786349182E0,9.786750539E0
9.286169208E0,5.718109131E-2,-6.676116943E-2,9.781858521E0,9.782253465E0
9.296199208E0,8.502319336E-2,-8.592132568E-2,9.768386536E0,9.769134400E0
9.306230208E0,6.691085815E-2,-7.888595581E-2,9.788145447E0,9.788692014E0
9.316261208E0,7.753875732E-2,-8.711883545E-2,9.793384552E0,9.794078973E0
9.326292208E0,7.050338745E-2,-8.936416626E-2,9.777667236E0,9.778329779E0
9.336322208E0,8.008346558E-2,-8.891510010E-2,9.774224396E0,9.774956869E0
9.346352208E0,7.978408813E-2,-8.397537231E-2,9.787097626E0,9.787783064E0
9.356382208E0,5.478607178E-2,-9.340576172E-2,9.792785797E0,9.793384493E0
9.366412208E0,5.927673340E-2,-7.903564453E-2,9.778715057E0,9.779214106E0
9.376443208E0,6.002517700E-2,-9.101074219E-2,9.778415680E0,9.779023427E0
9.386473208E0,6.855743408E-2,-7.933502197E-2,9.770482178E0,9.771044783E0
9.396503208E0,6.406677246E-2,-9.475296021E-2,9.787546692E0,9.788215002E0
9.406534208E0,4.610412598E-2,-8.846603394E-2,9.786349182E0,9.786857624E0
9.416564208E0,6.526428223E-2,-8.891510010E-2,9.775272217E0,9.775894447E0
9.426595208E0,7.304809570E-2,-8.966354370E-2,9.764794006E0,9.765478870E0
9.436625208E0,5.957611084E-2,-7.708969116E-2,9.786498871E0,9.786983819E0
9.446655208E0,7.214996338E-2,-8.143066406E-2,9.774673462E0,9.775278915E0
9.456684208E0,6.586303711E-2,-7.484436035E-2,9.774673462E0,9.775181886E0
9.466714208E0,6.691085815E-2,-5.688171387E-2,9.769883423E0,9.770278127E0
9.476745208E0,5.194198608E-2,-7.753875732E-2,9.779014435E0,9.779459778E0
9.486775208E0,5.508544922E-2,-8.053253174E-2,9.772577820E0,9.773064880E0
9.496806208E0,6.975494385E-2,-9.041198730E-2,9.778715057E0,9.779381793E0
9.506836208E0,6.316864014E-2,-8.173004150E-2,9.762997742E0,9.763544181E0
9.516867208E0,5.807922363E-2,-8.352630615E-2,9.781110077E0,9.781639135E0
9.526897208E0,5.433700562E-2,-9.400451660E-2,9.769434357E0,9.770037718E0
9.536927208E0,6.346801758E-2,-8.053253174E-2,9.779762878E0,9.780300386E0
9.546958208E0,5.388793945E-2,-9.116043091E-2,9.780661011E0,9.781234275E0
9.556988208E0,8.562194824E-2,-9.849517822E-2,9.761650543E0,9.762522919E0
9.567018208E0,7.110214233E-2,-7.798782349E-2,9.774374084E0,9.774943803E0
9.577048208E0,6.092330933E-2,-7.484436035E-2,9.777367859E0,9.777844117E0
9.587078208E0,7.214996338E-2,-7.649093628E-2,9.793384552E0,9.793949023E0
9.597109208E0,6.152206421E-2,-7.963439941E-2,9.770931244E0,9.771449431E0
9.607140208E0,4.415817261E-2,-8.217910767E-2,9.764943695E0,9.765389328E0
9.617170208E0,5.658233643E-2,-7.170089722E-2,9.773176575E0,9.773603375E0
9.627200208E0,6.451583862E-2,-9.789642334E-2,9.771380310E0,9.772083666E0
9.637230208E0,5.942642212E-2,-7.903564453E-2,9.780661011E0,9.781160869E0
9.647259208E0,7.065307617E-2,-8.906478882E-2,9.786498871E0,9.787159166E0
9.657290208E0,6.286926270E-2,-9.864486694E-2,9.782307587E0,9.783006955E0
9.667320208E0,6.691085815E-2,-8.786727905E-2,9.781858521E0,9.782481988E0
9.677349208E0,6.960525513E-2,-7.873626709E-2,9.766590271E0,9.767155666E0
9.687378208E0,5.044509888E-2,-8.232879639E-2,9.784852295E0,9.785328670E0
9.697408208E0,4.445755005E-2,-9.131011963E-2,9.775721283E0,9.776248801E0
9.707438208E0,6.676116943E-2,-8.382568359E-2,9.765243073E0,9.765831048E0
9.717467208E0,6.122268677E-2,-9.310638428E-2,9.780810699E0,9.781445443E0
9.727497208E0,6.930587769E-2,-8.816665649E-2,9.774374084E0,9.775017412E0
9.737526208E0,7.589218140E-2,-7.813751221E-2,9.767638092E0,9.768245441E0
9.747556208E0,5.568420410E-2,-9.355545044E-2,9.779762878E0,9.780368874E0
9.757587208E0,8.187973022E-2,-8.427474976E-2,9.794881439E0,9.795586196E0
9.767616208E0,8.427474976E-2,-7.409591675E-2,9.772428131E0,9.773072394E0
9.777646208E0,7.499404907E-2,-7.574249268E-2,9.774224396E0,9.774805552E0
9.787676208E0,7.499404907E-2,-8.128097534E-2,9.772128754E0,9.772754529E0
9.797706208E0,5.478607178E-2,-7.978408813E-2,9.779912567E0,9.780391446E0
9.807736208E0,7.574249268E-2,-8.083190918E-2,9.780661011E0,9.781288286E0
9.817766208E0,5.194198608E-2,-8.023315430E-2,9.790690155E0,9.791156675E0
9.827796208E0,5.777984619E-2,-8.921447754E-2,9.777517548E0,9.778095271E0
9.837826208E0,5.733078003E-2,-9.610015869E-2,9.783355408E0,9.783995354E0
9.847856208E0,6.316864014E-2,-1.014889526E-1,9.759255524E0,9.759987636E0
9.857887208E0,7.514373779E-2,-9.041198730E-2,9.777966614E0,9.778673326E0
9.867916208E0,5.822891235E-2,-7.679031372E-2,9.789941711E0,9.790416032E0
9.877946208E0,6.691085815E-2,-8.143066406E-2,9.763895874E0,9.764464689E0
9.887976208E0,7.155120850E-2,-7.858657837E-2,9.770631866E0,9.771209879E0
9.898006208E0,3.547622681E-2,-6.840774536E-2,9.786798248E0,9.787101621E0
9.908036208E0,4.700225830E-2,-7.379653931E-2,9.785151672E0,9.785542826E0
9.918066208E0,5.149291992E-2,-7.813751221E-2,9.783205719E0,9.783653261E0
9.928093500E0,6.930587769E-2,-8.472381592E-2,9.776469727E0,9.777082476E0
9.938124500E0,7.394622803E-2,-8.771759033E-2,9.782756653E0,9.783429365E0
9.948154500E0,5.957611084E-2,-9.011260986E-2,9.791887665E0,9.792483527E0
9.958185500E0,8.187973022E-2,-9.250762939E-2,9.786798248E0,9.787577939E0
9.968215500E0,7.244934082E-2,-8.367599487E-2,9.781259766E0,9.781885973E0
9.978246500E0,7.020401001E-2,-7.200027466E-2,9.783804474E0,9.784321265E0
9.988277500E0,7.963439941E-2,-7.694000244E-2,9.788295135E0,9.788921445E0
9.998307500E0,5.807922363E-2,-6.601272583E-2,9.772577820E0,9.772973351E0
1.000833750E1,4.715194702E-2,-8.786727905E-2,9.773475952E0,9.773984661E0