Time (s),Acceleration x (m/s^2),Acceleration y (m/s^2),Acceleration z (m/s^2),Absolute acceleration (m/s^2)
-0.0016716667,0.0709524536,-0.0863703919,-0.0166154480,9.7940224160
0.0083923333,0.0553848267,-0.0889151001,-0.0345780940,9.7759831630
0.0184573333,0.0658630371,-0.0989442444,-0.0401165770,9.7706064290
0.0285213333,0.0592767334,-0.1055305481,-0.0194595340,9.7912886310
0.0385853333,0.0679586792,-0.1005908203,0.0086819460,9.8194323690
0.0486503333,0.0619711304,-0.0958007812,-0.0344284060,9.7762374260
0.0587143333,0.0784368896,-0.1022373962,-0.0378712460,9.7729783180
0.0687783333,0.0594264221,-0.0881666565,-0.0140707400,9.7965062610
0.0788433333,0.0489482117,-0.0856219482,-0.0145198060,9.7959766880
0.0889073333,0.0654139709,-0.0720002747,-0.0255967710,9.7848867940
0.0989713333,0.0754431152,-0.0748443603,-0.0348774720,9.7757001680
0.1090363333,0.0597257996,-0.0724493408,0.0037422180,9.8141913780
0.1191003333,0.0621208191,-0.0752934265,-0.0014968870,9.8089888070
0.1291643333,0.0609233093,-0.0696052551,-0.0365240480,9.7739136850
0.1392283333,0.0636177063,-0.0754431152,-0.0142204280,9.7962766540
0.1492933333,0.0610729981,-0.0655636597,-0.0170645140,9.7933453900
0.1593573333,0.0642164612,-0.0714015198,-0.0288899230,9.7815814810
0.1694213333,0.0767903137,-0.0856219482,-0.0357756040,9.7749010430
0.1794863333,0.0669108582,-0.0739462280,-0.0423619080,9.7681471630
0.1895503333,0.0725990295,-0.0685574341,-0.0603245540,9.7501867690
0.1996143333,0.0633183289,-0.0742456055,-0.0320333860,9.7784534930
0.2096793333,0.0580792236,-0.0643661499,-0.0318836980,9.7785006330
0.2197433333,0.0856219482,-0.0925076294,-0.0281414790,9.7826706420
0.2298073333,0.0725990295,-0.0808319092,-0.0125738530,9.7980285530
0.2398723333,0.0778381348,-0.0764909363,-0.0350271610,9.7755820110
0.2499363333,0.0764909363,-0.0646655273,-0.0255967710,9.7849158930
0.2600003333,0.0613723755,-0.0700543213,-0.0196092220,9.7908337620
0.2700643333,0.0725990295,-0.0711021423,-0.0383203120,9.7722080440
0.2801293333,0.0526904297,-0.0708027649,-0.0080831910,9.8023141370
0.2901933333,0.0613723755,-0.0881666565,-0.0179626460,9.7926265860
0.3002573333,0.0549357605,-0.0740959168,-0.0227526860,9.7876819590
0.3103223333,0.0582289124,-0.0770896912,-0.0200582890,9.7904183840
0.3203863333,0.0751437378,-0.0806822205,-0.0465531920,9.7640693240
0.3304503333,0.0782872009,-0.0652642822,-0.0261955260,9.7843353530
0.3405153333,0.0661624146,-0.0696052551,0.0085322570,9.8190018860
0.3505793333,0.0705033874,-0.0720002747,-0.0199086000,9.7906100110
0.3606433333,0.0495469666,-0.0802331543,-0.0462538150,9.7642015460
0.3707083333,0.0657133484,-0.0717008972,-0.0317340090,9.7787496670
0.3807723333,0.0565823364,-0.0860710144,0.0022453310,9.8127859560
0.3908363333,0.0749940491,-0.0784368896,-0.0356259160,9.7749764810
0.4009003333,0.0661624146,-0.0895138550,-0.0347277830,9.7759059480
0.4109653333,0.0892144775,-0.0998423767,-0.0324824520,9.7784342880
0.4210293333,0.0769400024,-0.1076261902,-0.0240998840,9.7867943800
0.4310933333,0.0920585632,-0.1056802368,-0.0200582890,9.7909448880
0.4411583333,0.0877175903,-0.0989442444,-0.0221539310,9.7887391940
0.4512223333,0.0736468506,-0.0763412476,-0.0230520630,9.7875227590
0.4612863333,0.0706530762,-0.0866697693,-0.0194595340,9.7911789960
0.4713513333,0.0624201965,-0.0913101196,-0.0254470830,9.7851780570
0.4814153333,0.0655636597,-0.0727487183,-0.0146694950,9.7958200620
0.4914793333,0.0770896912,-0.0781375122,-0.0408650210,9.7697516110
0.5015433333,0.0715512085,-0.0766406250,-0.0285905460,9.7819713900
0.5116083333,0.0532891846,-0.0845741272,-0.0206570430,9.7898533210
0.5216723333,0.0513432312,-0.0751437378,-0.0226029970,9.7878201250
0.5317363333,0.0523910523,-0.0708027649,-0.0520916750,9.7583058330
0.5418013333,0.0526904297,-0.0827778625,-0.0116757200,9.7988155990
0.5518653333,0.0371228027,-0.0779878235,-0.0311352540,9.7792461840
0.5619293333,0.0586779785,-0.0782872009,-0.0272433470,9.7832458680
0.5719943333,0.0501457214,-0.0950523376,-0.0169148250,9.7936748350
0.5820583333,0.0669108582,-0.0869691467,-0.0136216740,9.7969928550
0.5921223333,0.0556842041,-0.1013392639,-0.0309855650,9.7796980370
0.6021863333,0.0573307800,-0.1022373962,-0.0290396120,9.7816627120
0.6122513333,0.0549357605,-0.0808319092,-0.0133222960,9.7971651900
0.6223153333,0.0657133484,-0.0812809753,-0.0115260310,9.7990314290
0.6323793333,0.0760418701,-0.0998423767,-0.0335302730,9.7772752430
0.6424443333,0.0877175903,-0.0881666565,-0.0305364990,9.7802542960
0.6525083333,0.1011895752,-0.0815803528,-0.0246986390,9.7861645910
0.6625723333,0.0868194580,-0.0889151001,-0.0125738530,9.7982142570
0.6726373333,0.0688568115,-0.0835263061,-0.0338296510,9.7767696400
0.6827013333,0.0538879394,-0.0676593018,-0.0320333860,9.7783491850
0.6927653333,0.0688568115,-0.0670605469,-0.0371228030,9.7733498400
0.7028293333,0.0588276672,-0.0755928040,-0.0395178220,9.7709516910
0.7128943333,0.0419128418,-0.0889151001,-0.0266445920,9.7838492230
0.7229583333,0.0519419861,-0.0817300415,-0.0131726070,9.7973059930
0.7330223333,0.0609233093,-0.0962498474,-0.0172142030,9.7934482870
0.7430873333,0.0691561890,-0.0959504700,-0.0502954100,9.7604212380
0.7531513333,0.0842747498,-0.0859213257,-0.0321830750,9.7785575890
0.7632153333,0.0715512085,-0.0941542053,-0.0151185610,9.7955952860
0.7732803333,0.0553848267,-0.1025367737,-0.0333805850,9.7773139700
0.7833443333,0.0631686401,-0.1005908203,-0.0242495730,9.7864712850
0.7934083333,0.0678089905,-0.0944535828,-0.0100291440,9.8006606060
0.8034723333,0.0781375122,-0.0890647888,-0.0176632690,9.7930534900
0.8135373333,0.0773890686,-0.0940045166,-0.0157173160,9.7950395210
0.8236013333,0.0736468506,-0.0928070068,-0.0404159550,9.7703024220
0.8336653333,0.0811312866,-0.0709524536,-0.0348774720,9.7757166990
0.8437303333,0.0893641663,-0.0630189514,-0.0383203120,9.7722915050
0.8537943333,0.0618214417,-0.0709524536,-0.0291893010,9.7812634190
0.8638583333,0.0532891846,-0.0694555664,-0.0380209350,9.7723711890
0.8739223333,0.0612226868,-0.0697549439,-0.0230520630,9.7873880010
0.8839873333,0.0672102356,-0.0932560730,-0.0088316350,9.8018424410
0.8940513333,0.0479003906,-0.0824784851,-0.0324824520,9.7779827440
0.9041153333,0.0642164612,-0.0740959168,-0.0387693790,9.7717225610
0.9141803333,0.0377215576,-0.0845741272,-0.0311352540,9.7793032180
0.9242430833,0.0634680176,-0.0935554504,-0.0255967710,9.7850563290
0.9343070833,0.0832269287,-0.0808319092,-0.0338296510,9.7768587600
0.9443720833,0.0731977844,-0.0944535828,-0.0279917910,9.7827380630
0.9544360833,0.0453556824,-0.0962498474,-0.0342787170,9.7763003110
0.9645000833,0.0755928040,-0.0850231934,-0.0112266540,9.7994337740
0.9745640833,0.0706530762,-0.0860710144,-0.0185614010,9.7920717880
0.9846290833,0.0775387573,-0.0859213257,-0.0223036190,9.7883806210
0.9946930833,0.0797840881,-0.0645158386,-0.0242495730,9.7862883270
1.0047570830,0.0820294190,-0.0835263061,-0.0435594180,9.7671422190
1.0148220830,0.0757424927,-0.0770896912,-0.0411643980,9.7694333900
1.0248860830,0.0742456055,-0.0763412476,-0.0314346310,9.7791452110
1.0349500830,0.0604742432,-0.0850231934,-0.0258961490,9.7846601500
1.0450140830,0.0703536987,-0.0788859558,-0.0350271610,9.7755443150
1.0550790830,0.0570314026,-0.0724493408,-0.0281414790,9.7822930650
1.0651430830,0.0471519470,-0.0929566956,-0.0110769650,9.7994773790
1.0752070830,0.0468525696,-0.0877175903,-0.0215551760,9.7889499750
1.0852720830,0.0613723755,-0.0802331543,-0.0170645140,9.7934564560
1.0953360830,0.0651145935,-0.0848735046,-0.0414637760,9.7691219350
1.1054000830,0.0616717529,-0.1074765015,-0.0345780940,9.7762072420
1.1154650830,0.0422122192,-0.1082249451,-0.0025447080,9.8081432400
1.1255290830,0.0624201965,-0.0907113647,-0.0290396120,9.7815801870
1.1355930830,0.0676593018,-0.0865200806,-0.0240998840,9.7865164680
1.1456570830,0.0637673950,-0.1035845947,-0.0121247860,9.7986302490
1.1557220830,0.0532891846,-0.0793350220,-0.0154179380,9.7950483180
1.1657860830,0.0699046326,-0.0712518311,-0.0281414790,9.7823677910
1.1758500830,0.0748443603,-0.0640667725,-0.0341290280,9.7763673970
1.1859150830,0.0552351379,-0.0622705078,0.0013471980,9.8117002800
1.1959790830,0.0757424927,-0.0594264221,-0.0100291440,9.8004437250
1.2060430830,0.0640667725,-0.0714015198,-0.0327818300,9.7776887800
1.2161070830,0.0754431152,-0.0853225708,-0.0327818300,9.7778815060
1.2261720830,0.0745449829,-0.0796343994,-0.0233514400,9.7872564400
1.2362360830,0.0791853333,-0.0901126099,-0.0215551760,9.7891798780
1.2463000830,0.0562829590,-0.0931063843,-0.0323327640,9.7782725040
1.2563650830,0.0642164612,-0.0763412476,-0.0240998840,9.7864085760
1.2664290830,0.0711021423,-0.0836759949,-0.0269439700,9.7836722390
1.2764930830,0.0507444763,-0.0844244385,-0.0335302730,9.7769659300
1.2865570830,0.0552351379,-0.0871188355,-0.0338296510,9.7767145460
1.2966220830,0.0621208191,-0.0872685242,-0.0127235410,9.7978620530
1.3066860830,0.0522413635,-0.0893641663,-0.0372724910,9.7732757080
1.3167500830,0.0574804687,-0.0904119873,-0.0378712460,9.7727160350
1.3268150830,0.0697549439,-0.0758921814,-0.0194595340,9.7910830860
1.3368790830,0.0637673950,-0.0878672790,-0.0357756040,9.7748273370
1.3469430830,0.0562829590,-0.0959504700,-0.0338296510,9.7768032080
1.3570070830,0.0675096130,-0.0809815979,-0.0327818300,9.7777865960
1.3670720830,0.0663121033,-0.0717008972,-0.0327818300,9.7777059410
1.3771360830,0.0624201965,-0.0809815979,-0.0479003910,9.7626350480
1.3872000830,0.0785865784,-0.0803828430,-0.0362246700,9.7744217960
1.3972650830,0.0875679016,-0.0851728821,-0.0258961490,9.7848664140
1.4073290830,0.0853225708,-0.0823287964,-0.0170645140,9.7936532200
1.4173930830,0.0778381348,-0.0863703919,-0.0181123350,9.7925779370
1.4274570830,0.0640667725,-0.0770896912,-0.0226029970,9.7879102710
1.4375220830,0.0649649048,-0.0799337769,-0.0356259160,9.7749168070
1.4475860830,0.0405656433,-0.0815803528,-0.0314346310,9.7789898040
1.4576500830,0.0350271606,-0.0917591858,-0.0214054870,9.7890872500
1.4677140830,0.0669108582,-0.0941542053,-0.0240998840,9.7865817910
1.4777790830,0.0449066162,-0.0745449829,-0.0314346310,9.7789526140
1.4878430830,0.0519419861,-0.0803828430,-0.0278421020,9.7826260540
1.4979070830,0.0588276672,-0.0767903137,-0.0106278990,9.7998495410
1.5079720830,0.0693058777,-0.0724493408,-0.0145198060,9.7959932850
1.5180360830,0.0696052551,-0.0830772400,-0.0321830750,9.7784175890
1.5281000830,0.0725990295,-0.0937051392,-0.0249980160,9.7857199580
1.5381640830,0.0764909363,-0.0889151001,-0.0235011290,9.7872016890
1.5482290830,0.0651145935,-0.1028361511,-0.0139210510,9.7968350990
1.5582930830,0.0702040100,-0.0848735046,-0.0321830750,9.7784372950
1.5683570830,0.0709524536,-0.0664617920,-0.0380209350,9.7724626510
1.5784220830,0.0538879394,-0.0880169678,-0.0428109740,9.7677342490
1.5884860830,0.0748443603,-0.0725990295,-0.0184117130,9.7921434570
1.5985500830,0.0489482117,-0.0785865784,-0.0197589110,9.7906788510
1.6086140830,0.0568817139,-0.0700543213,-0.0329315190,9.7774849130
1.6186790830,0.0787362671,-0.0787362671,-0.0248483280,9.7857852040
1.6287430830,0.0480500793,-0.0940045166,-0.0236508180,9.7869186150
1.6388070830,0.0505947876,-0.0958007812,-0.0175135800,9.7930857190
1.6488710830,0.0591270447,-0.0947529602,-0.0254470830,9.7851903370
1.6589360830,0.0534388733,-0.0830772400,-0.0267942810,9.7837043950
1.6690000830,0.0583786011,-0.0868194580,-0.0190104680,9.7915484830
1.6790640830,0.0679586792,-0.0803828430,-0.0294886780,9.7810777270
1.6891290830,0.0636177063,-0.0706530762,-0.0143701170,9.7960912550
1.6991930830,0.0508941650,-0.0781375122,-0.0323327640,9.7781118970
1.7092570830,0.0666114807,-0.0883163452,-0.0353265380,9.7752993890
1.7193210830,0.0555345154,-0.0833766174,-0.0324824520,9.7780307390
1.7293860830,0.0717008972,-0.0890647888,-0.0209564210,9.7897113210
1.7394500830,0.0606239319,-0.0898132324,-0.0199086000,9.7906910530
1.7495140830,0.0661624146,-0.0809815979,-0.0438587950,9.7667010560
1.7595790830,0.0700543213,-0.0899629211,-0.0348774720,9.7757875070
1.7696430830,0.0944535828,-0.0724493408,-0.0107775880,9.7999454220
1.7797070830,0.0471519470,-0.0809815979,-0.0350271610,9.7754220030
1.7897710830,0.0567320251,-0.0681083679,-0.0359252930,9.7744766430
1.7998360830,0.0465531921,-0.0857716370,-0.0276924130,9.7827943700
1.8099000830,0.0600251770,-0.1032852173,-0.0365240480,9.7742060060
1.8199640830,0.0636177063,-0.1001417542,-0.0297880550,9.7809315130
1.8300280830,0.0583786011,-0.0881666565,-0.0261955260,9.7843758820
1.8400930830,0.0534388733,-0.0779878235,-0.0020956420,9.8083599910
1.8501570830,0.0562829590,-0.0734971619,-0.0214054870,9.7890322370
1.8602210830,0.0473016357,-0.0913101196,-0.0245489500,9.7859913770
1.8702860830,0.0487985229,-0.0773890686,-0.0185614010,9.7918660220
1.8803500830,0.0592767334,-0.0751437378,-0.0360749820,9.7743936170
1.8904140830,0.0627195740,-0.0931063843,-0.0378712460,9.7727735530
1.9004780830,0.0645158386,-0.0755928040,-0.0134719850,9.7970320870
1.9105430830,0.0532891846,-0.0734971619,-0.0263452150,9.7840759670
1.9206063750,0.0502954102,-0.0721499634,-0.0496966550,9.7606995970
1.9306703750,0.0705033874,-0.0847238159,-0.0365240480,9.7740974540
1.9407343750,0.0931063843,-0.0833766174,-0.0320333860,9.7787653390
1.9507993750,0.0800834656,-0.0938548279,-0.0261955260,9.7845823660
1.9608633750,0.0612226868,-0.0670605469,-0.0291893010,9.7812321960
1.9709273750,0.0564326477,-0.0803828430,-0.0272433470,9.7832496530
1.9809923750,0.0568817139,-0.0910107422,-0.0032931520,9.8072941060
1.9935543750,0.0675096130,-0.0791853333,-0.0318836980,9.7786699650
2.0035863750,0.0640667725,-0.0766406250,-0.0312849430,9.7792252510
2.0136173750,0.0586779785,-0.0811312866,0.0011975100,9.8117084120
2.0236493750,0.0619711304,-0.0899629211,-0.0380209350,9.7725896560
2.0336813750,0.0673599243,-0.0808319092,-0.0441581730,9.7664086420
2.0437143750,0.0621208191,-0.0878672790,-0.0065863040,9.8040042710
2.0537463750,0.0693058777,-0.0914598084,-0.0191601560,9.7915122960
2.0637773750,0.0854722595,-0.0907113647,-0.0452059940,9.7655893850
2.0738093750,0.0552351379,-0.0878672790,-0.0107775880,9.7997720110
2.0838403750,0.0754431152,-0.0883163452,-0.0240998840,9.7865894220
2.0938723750,0.0736468506,-0.0791853333,-0.0254470830,9.7851504830
2.1039043750,0.0573307800,-0.0730480957,-0.0344284060,9.7760126250
2.1139353750,0.0737965393,-0.0910107422,-0.0122744750,9.7984261160
2.1239673750,0.0857716370,-0.0857716370,-0.0223036190,9.7884479870
2.1339983750,0.0661624146,-0.0865200806,-0.0398172000,9.7707898930
2.1440303750,0.0604742432,-0.0748443603,-0.0305364990,9.7799368700
2.1540633750,0.0775387573,-0.0972976685,-0.0038919070,9.8068973190
2.1640953750,0.0589773560,-0.0922082520,-0.0305364990,9.7800760250
2.1741273750,0.0613723755,-0.0814306641,-0.0549357600,9.7555971540
2.1841593750,0.0618214417,-0.0763412476,-0.0248483280,9.7856447480
2.1941913750,0.0597257996,-0.0684077454,-0.0064366150,9.8039839780
2.2042243750,0.0568817139,-0.0696052551,-0.0375718690,9.7728415520
2.2142563750,0.0734971619,-0.0712518311,-0.0452059940,9.7653305440
2.2242883750,0.0764909363,-0.0838256836,-0.0308358760,9.7798225220
2.2343193750,0.0808319092,-0.0923579407,-0.0071850590,9.8035832510
2.2443503750,0.0856219482,-0.0940045166,-0.0220042420,9.7888216310
2.2543823750,0.0612226868,-0.0896635437,-0.0398172000,9.7707860340
2.2644133750,0.0675096130,-0.0895138550,-0.0275427250,9.7830997450
2.2744453750,0.0657133484,-0.0902622986,-0.0097297670,9.8009061910
2.2844763750,0.0651145935,-0.0916094971,-0.0365240480,9.7741221800
2.2945083750,0.0654139709,-0.0902622986,-0.0465531920,9.7640831540
2.3045403750,0.0715512085,-0.0818797302,-0.0134719850,9.7971314690
2.3145713750,0.0589773560,-0.0946032715,-0.0094303890,9.8012036400
2.3246023750,0.0612226868,-0.0853225708,-0.0464035030,9.7641612390
2.3346343750,0.0633183289,-0.0904119873,-0.0502954100,9.7603287450
2.3446653750,0.0498463440,-0.0684077454,-0.0113763430,9.7989892260
2.3546973750,0.0743952942,-0.0722996521,-0.0386196900,9.7719309790
2.3647293750,0.0667611694,-0.0820294190,-0.0621208190,9.7484529240
2.3747603750,0.0537382507,-0.0830772400,-0.0356259160,9.7748748520
2.3847923750,0.0616717529,-0.0731977844,-0.0085322570,9.8019350760
2.3948233750,0.0546363831,-0.0708027649,-0.0360749820,9.7743341680
2.4048543750,0.0523910523,-0.0966989136,-0.0490979000,9.7615216690
2.4148863750,0.0586779785,-0.0757424927,-0.0005987550,9.8098691540
2.4249173750,0.0705033874,-0.0775387573,-0.0176632690,9.7928975100
2.4349483750,0.0636177063,-0.0892144775,-0.0570314030,9.7535841050
2.4449803750,0.0857716370,-0.0869691467,-0.0437091060,9.7670547360
2.4550113750,0.0652642822,-0.0761915588,0.0044906620,9.8150033890
2.4650433750,0.0746946716,-0.0808319092,-0.0238005070,9.7868183600
2.4750753750,0.0628692627,-0.0802331543,-0.0392184450,9.7713132230
2.4851063750,0.0513432312,-0.0661624146,-0.0437091060,9.7666499580
2.4951383750,0.0609233093,-0.0914598084,-0.0224533080,9.7881636070
2.5051693750,0.0558338928,-0.0925076294,-0.0218545530,9.7887418180
2.5152013750,0.0684077454,-0.0706530762,-0.0339793400,9.7765153010
2.5252323750,0.0675096130,-0.0835263061,-0.0209564210,9.7896326990
2.5352633750,0.0672102356,-0.0790356445,-0.0172142030,9.7933353620
2.5452943750,0.0583786011,-0.0940045166,-0.0257464600,9.7848792660
2.5553253750,0.0597257996,-0.0856219482,-0.0290396120,9.7815174900
2.5653553750,0.0838256836,-0.0721499634,-0.0386196900,9.7720062180
2.5753863750,0.0597257996,-0.0724493408,-0.0332308960,9.7772199620
2.5854173750,0.0471519470,-0.0708027649,-0.0110769650,9.7992922690
2.5954473750,0.0651145935,-0.0748443603,-0.0143701170,9.7961322160
2.6054783750,0.0690065002,-0.0820294190,-0.0356259160,9.7749618650
2.6155093750,0.0643661499,-0.0691561890,-0.0395178220,9.7709389300
2.6255403750,0.0613723755,-0.0823287964,-0.0384700010,9.7720695410
2.6355713750,0.0736468506,-0.0764909363,-0.0366737370,9.7739030570
2.6456023750,0.0706530762,-0.0761915588,-0.0276924130,9.7828594350
2.6556343750,0.0767903137,-0.0815803528,-0.0178129580,9.7928279460
2.6656663750,0.0727487183,-0.0838256836,-0.0281414790,9.7824881930
2.6756983750,0.0725990295,-0.0911604309,-0.0308358760,9.7798584750
2.6857303750,0.0598754883,-0.0937051392,-0.0393681340,9.7712646470
2.6957613750,0.0591270447,-0.0845741272,-0.0175135800,9.7930301270
2.7057923750,0.0675096130,-0.0714015198,-0.0258961490,9.7845972780
2.7158243750,0.0722996521,-0.0824784851,-0.0294886780,9.7811262980
2.7258543750,0.0646655273,-0.0871188355,-0.0291893010,9.7814124370
2.7358863750,0.0625698852,-0.0797840881,-0.0282911680,9.7822343130
2.7459163750,0.0645158386,-0.0736468506,-0.0086819460,9.8018070660
2.7559473750,0.0580792236,-0.0727487183,-0.0238005070,9.7866422280
2.7659783750,0.0685574341,-0.0764909363,-0.0282911680,9.7822481390
2.7760093750,0.0606239319,-0.0869691467,-0.0208067320,9.7897672970
2.7860403750,0.0652642822,-0.0880169678,-0.0194595340,9.7911536110
2.7960713750,0.0755928040,-0.0806822205,-0.0284408570,9.7821839670
2.8061023750,0.0697549439,-0.0881666565,-0.0407153320,9.7699315270
2.8161333750,0.0582289124,-0.0797840881,-0.0323327640,9.7781661210
2.8261653750,0.0567320251,-0.0881666565,-0.0246986390,9.7858629980
2.8361963750,0.0693058777,-0.0931063843,-0.0517922970,9.7588979740
2.8462283750,0.0673599243,-0.0778381348,-0.0103285220,9.8002121010
2.8562603750,0.0737965393,-0.0854722595,-0.0113763430,9.7992743100
2.8662903750,0.0826281738,-0.0955014038,-0.0407153320,9.7701008620
2.8763223750,0.0637673950,-0.0717008972,-0.0422122190,9.7682590790
2.8863533750,0.0669108582,-0.0763412476,-0.0381706240,9.7723566460
2.8963853750,0.0592767334,-0.0693058777,-0.0052391050,9.8051850180
2.9064173750,0.0645158386,-0.0749940491,-0.0255967710,9.7849033180
2.9164493750,0.0724493408,-0.0722996521,-0.0309855650,9.7795500640
2.9264825000,0.0745449829,-0.0947529602,-0.0245489500,9.7861937100
2.9365135000,0.0808319092,-0.0893641663,-0.0296383670,9.7811038960
2.9465445000,0.0588276672,-0.0769400024,-0.0242495730,9.7862297070
2.9565755000,0.0673599243,-0.0717008972,-0.0226029970,9.7878914210
2.9666065000,0.0568817139,-0.0853225708,-0.0182620240,9.7922749180
2.9766365000,0.0628692627,-0.0850231934,-0.0306861880,9.7798854860
2.9866675000,0.0742456055,-0.0836759949,-0.0239501950,9.7866891680
2.9966985000,0.0484991455,-0.0805325317,-0.0249980160,9.7854535650
3.0067295000,0.0552351379,-0.0833766174,-0.0315843200,9.7789271290
3.0167615000,0.0651145935,-0.0814306641,-0.0254470830,9.7851084130
3.0267915000,0.0673599243,-0.0679586792,-0.0227526860,9.7877150420
3.0368235000,0.0721499634,-0.0877175903,-0.0245489500,9.7861101690
3.0468545000,0.0703536987,-0.1023870850,-0.0342787170,9.7765105920
3.0568855000,0.0781375122,-0.0905616760,-0.0420625310,9.7686697810
3.0669175000,0.0785865784,-0.0847238159,-0.0205073550,9.7901746780
3.0769495000,0.0499960327,-0.0902622986,-0.0116757200,9.7988675660
3.0869805000,0.0517922974,-0.0863703919,-0.0378712460,9.7726476790
3.0970115000,0.0699046326,-0.0830772400,-0.0248483280,9.7857540200
3.1070435000,0.0637673950,-0.0911604309,-0.0178129580,9.7928189800
3.1170755000,0.0402662659,-0.0923579407,-0.0315843200,9.7789347360
3.1271065000,0.0694555664,-0.0887654114,-0.0318836980,9.7787658630
3.1371385000,0.0513432312,-0.0977467346,-0.0338296510,9.7767938120
3.1471695000,0.0670605469,-0.0708027649,-0.0502954100,9.7601917930
3.1572005000,0.0775387573,-0.0886157227,-0.0197589110,9.7909491670
3.1672315000,0.0734971619,-0.0727487183,-0.0172142030,9.7933318070
3.1772625000,0.0787362671,-0.0842747498,-0.0318836980,9.7787964520
3.1872945000,0.0669108582,-0.0871188355,-0.0275427250,9.7830740110
3.1973265000,0.0663121033,-0.0917591858,-0.0199086000,9.7907459710
3.2073575000,0.0504450989,-0.0711021423,-0.0287402340,9.7816482670
3.2173895000,0.0585282898,-0.0833766174,-0.0366737370,9.7738571440
3.2274205000,0.0654139709,-0.0901126099,-0.0297880550,9.7808458200
3.2374525000,0.0711021423,-0.0812809753,-0.0218545530,9.7887411550
3.2474835000,0.0711021423,-0.0941542053,-0.0399668880,9.7707454950
3.2575145000,0.0573307800,-0.0938548279,-0.0354762270,9.7751424820
3.2675455000,0.0664617920,-0.0857716370,-0.0188607790,9.7917404580
3.2775765000,0.0663121033,-0.0758921814,-0.0378712460,9.7726484280
3.2876075000,0.0552351379,-0.0926573181,-0.0419128420,9.7686827680
3.2976385000,0.0526904297,-0.0881666565,-0.0284408570,9.7820983900
3.3076705000,0.0612226868,-0.0826281738,-0.0431103520,9.7674310360
3.3177015000,0.0471519470,-0.0878672790,-0.0297880550,9.7807203030
3.3277315000,0.0467028809,-0.0875679016,-0.0269439700,9.7835594030
3.3377625000,0.0652642822,-0.0966989136,-0.0226029970,9.7880922660
3.3477935000,0.0737965393,-0.0907113647,-0.0362246700,9.7744748540
3.3578245000,0.0731977844,-0.0820294190,-0.0362246700,9.7743936350
3.3678555000,0.0639170837,-0.0758921814,-0.0056881710,9.8048138920
3.3778875000,0.0685574341,-0.0751437378,-0.0312849430,9.7792440850
3.3879185000,0.0666114807,-0.0748443603,-0.0368234250,9.7736901490
3.3979505000,0.0681083679,-0.0830772400,-0.0226029970,9.7879865490
3.4079825000,0.0567320251,-0.0835263061,-0.0260458370,9.7844751630
3.4180145000,0.0396675110,-0.0862207031,-0.0363743590,9.7740864380
3.4280455000,0.0676593018,-0.0853225708,-0.0336799620,9.7769264700
3.4380765000,0.0684077454,-0.1047821045,-0.0351768490,9.7756241000
3.4481085000,0.0642164612,-0.0757424927,-0.0263452150,9.7841587090
3.4581395000,0.0766406250,-0.0907113647,-0.0422122190,9.7685096340
3.4681715000,0.0700543213,-0.0937051392,-0.0131726070,9.7975259750
3.4782025000,0.0574804687,-0.0755928040,-0.0238005070,9.7866602480
3.4882345000,0.0594264221,-0.0902622986,-0.0345780940,9.7760192420
3.4982665000,0.0676593018,-0.0965492249,-0.0273930360,9.7833173590
3.5082985000,0.0628692627,-0.0681083679,-0.0205073550,9.7899314370
3.5183295000,0.0547860718,-0.0752934265,-0.0184117130,9.7920310360
3.5283615000,0.0639170837,-0.0833766174,-0.0260458370,9.7845181850
3.5383925000,0.0715512085,-0.0800834656,-0.0232017520,9.7873874390
3.5484255000,0.0523910523,-0.0769400024,-0.0308358760,9.7796071260
3.5584565000,0.0737965393,-0.0821791077,-0.0203576660,9.7902653880
3.5684885000,0.0661624146,-0.0835263061,-0.0547860720,9.7557958620
3.5785205000,0.0622705078,-0.0953517151,-0.0282911680,9.7823717590
3.5885515000,0.0601748657,-0.0890647888,-0.0264949040,9.7840955390
3.5985835000,0.0715512085,-0.0865200806,-0.0378712460,9.7727736940
3.6086135000,0.0564326477,-0.0874182129,-0.0359252930,9.7746285330
3.6186445000,0.0667611694,-0.0802331543,-0.0263452150,9.7842115350
3.6286755000,0.0582289124,-0.0832269287,-0.0242495730,9.7862775740
3.6387055000,0.0495469666,-0.0803828430,-0.0348774720,9.7755785890
3.6487355000,0.0441581726,-0.0977467346,-0.0205073550,9.7900802150
3.6587665000,0.0636177063,-0.0874182129,-0.0300874330,9.7805101590
3.6687975000,0.0604742432,-0.0772393799,-0.0215551760,9.7889363640
3.6788285000,0.0799337769,-0.0925076294,-0.0214054870,9.7893579770
3.6888595000,0.0699046326,-0.0917591858,-0.0350271610,9.7756534520
3.6988905000,0.0607736206,-0.0764909363,-0.0226029970,9.7878845720
3.7089225000,0.0592767334,-0.0800834656,-0.0341290280,9.7763786930
3.7189535000,0.0595761108,-0.0770896912,-0.0342787170,9.7762067660
3.7289845000,0.0645158386,-0.0797840881,-0.0314346310,9.7791036640
3.7390155000,0.0678089905,-0.0778381348,-0.0211061100,9.7894382080
3.7490465000,0.0826281738,-0.0899629211,-0.0163160710,9.7944456530
3.7590765000,0.0679586792,-0.0929566956,-0.0357756040,9.7749026530
3.7691075000,0.0579295349,-0.0862207031,-0.0305364990,9.7800151440
3.7791385000,0.0672102356,-0.0761915588,-0.0170645140,9.7934625030
3.7891705000,0.0637673950,-0.0805325317,-0.0348774720,9.7756622390
3.7992015000,0.0538879394,-0.0878672790,-0.0255967710,9.7849461480
3.8092335000,0.0669108582,-0.0788859558,-0.0329315190,9.7776156680
3.8192645000,0.0757424927,-0.0886157227,-0.0461041260,9.7645917640
3.8292955000,0.0564326477,-0.0842747498,-0.0353265380,9.7751996480
3.8393275000,0.0696052551,-0.0841250610,-0.0248483280,9.7857608370
3.8493585000,0.0643661499,-0.0736468506,-0.0235011290,9.7869876370
3.8593905000,0.0583786011,-0.0869691467,-0.0371228030,9.7734385150
3.8694215000,0.0682580566,-0.0869691467,-0.0320333860,9.7785916110
3.8794525000,0.0498463440,-0.0857716370,-0.0290396120,9.7814634670
3.8894825000,0.0405656433,-0.0678089905,-0.0315843200,9.7787349300
3.8995145000,0.0619711304,-0.0663121033,-0.0341290280,9.7762922920
3.9095445000,0.0555345154,-0.0862207031,-0.0226029970,9.7879343170
3.9195755000,0.0700543213,-0.0711021423,-0.0399668880,9.7705429800
3.9296047080,0.0821791077,-0.0772393799,-0.0314346310,9.7792157150
3.9396357080,0.0733474731,-0.0872685242,-0.0285905460,9.7820737350
3.9496667080,0.0844244385,-0.0749940491,-0.0109272770,9.7997233550
3.9596977080,0.0794847107,-0.0866697693,-0.0378712460,9.7728363260
3.9697287080,0.0720002747,-0.0740959168,-0.0453556820,9.7651908790
3.9797597080,0.0865200806,-0.0805325317,-0.0390687560,9.7716461550
3.9897907080,0.0736468506,-0.0836759949,-0.0291893010,9.7814458780
3.9998217080,0.0528401184,-0.0836759949,-0.0326321410,9.7778686840
4.0098527080,0.0600251770,-0.0887654114,-0.0270936580,9.7834931800
4.0198847080,0.0519419861,-0.0835263061,-0.0299377440,9.7805568520
4.0299157080,0.0672102356,-0.0851728821,-0.0305364990,9.7800653370
4.0399467080,0.0678089905,-0.0790356445,-0.0486488340,9.7619066410
4.0499787080,0.0639170837,-0.0972976685,-0.0323327640,9.7783602310
4.0600097080,0.0637673950,-0.0866697693,-0.0248483280,9.7857432620
4.0700397080,0.0676593018,-0.0666114807,-0.0164657590,9.7939944760
4.0800697080,0.0504450989,-0.0776884460,-0.0246986390,9.7857397740
4.0901007080,0.0625698852,-0.0809815979,-0.0330812070,9.7774543770
4.1001317080,0.0660127258,-0.0850231934,-0.0464035030,9.7641898370
4.1101627080,0.0675096130,-0.0872685242,-0.0166154480,9.7940060410
4.1201947080,0.0691561890,-0.0808319092,-0.0220042420,9.7885738150
4.1302257080,0.0377215576,-0.0824784851,-0.0324824520,9.7779381780
4.1402567080,0.0594264221,-0.0896635437,-0.0449066160,9.7656858360
4.1502887080,0.0673599243,-0.0884660339,-0.0163160710,9.7943151120
4.1603207080,0.0507444763,-0.0835263061,-0.0169148250,9.7935728350
4.1703517080,0.0601748657,-0.0745449829,-0.0172142030,9.7932543950
4.1803817080,0.0576301575,-0.0773890686,-0.0296383670,9.7808375910
4.1904127080,0.0642164612,-0.0727487183,-0.0384700010,9.7720118010
4.2004427080,0.0646655273,-0.0773890686,-0.0246986390,9.7858210400
4.2104737080,0.0522413635,-0.0896635437,-0.0200582890,9.7904916840
4.2205047080,0.0817300415,-0.0833766174,-0.0233514400,9.7873449660
4.2305347080,0.0773890686,-0.0755928040,-0.0381706240,9.7724281880
4.2405657080,0.0564326477,-0.0844244385,-0.0224533080,9.7880734760
4.2505957080,0.0573307800,-0.0974473572,-0.0293389890,9.7813144620
4.2606277080,0.0597257996,-0.0803828430,-0.0314346310,9.7790781390
4.2706577080,0.0534388733,-0.0797840881,-0.0281414790,9.7823298520
4.2806887080,0.0717008972,-0.0670605469,-0.0223036190,9.7881887280
4.2907207080,0.0676593018,-0.0850231934,-0.0290396120,9.7815639260
4.3007527080,0.0612226868,-0.0844244385,-0.0242495730,9.7863061020
4.3107837080,0.0787362671,-0.0874182129,-0.0269439700,9.7837634190
4.3208147080,0.0522413635,-0.0764909363,-0.0214054870,9.7890327690
4.3308467080,0.0737965393,-0.0931063843,-0.0224533080,9.7882677210
4.3408787080,0.0675096130,-0.0920585632,-0.0251477050,9.7855182160
4.3509107080,0.0450563049,-0.0980461121,-0.0248483280,9.7857465920
4.3609437080,0.0679586792,-0.0866697693,-0.0315843200,9.7790359050
4.3709737080,0.0634680176,-0.0946032715,-0.0312849430,9.7793786170
4.3810057080,0.0639170837,-0.0842747498,-0.0336799620,9.7768922010
4.3910367080,0.0582289124,-0.0866697693,-0.0235011290,9.7870558600
4.4010687080,0.0425115967,-0.0968486023,-0.0417631530,9.7688094460
4.4111007080,0.0389190674,-0.0791853333,-0.0320333860,9.7783646950
4.4211327080,0.0715512085,-0.0746946716,-0.0365240480,9.7740232790
4.4311647080,0.0576301575,-0.0818797302,-0.0233514400,9.7871607500
4.4411967080,0.0348774719,-0.0714015198,-0.0365240480,9.7737989950
4.4512277080,0.0660127258,-0.0972976685,-0.0318836980,9.7788231880
4.4612597080,0.0818797302,-0.0764909363,-0.0145198060,9.7961210380
4.4712917080,0.0711021423,-0.0743952942,-0.0281414790,9.7823998230
4.4813237080,0.0595761108,-0.0829275513,-0.0264949040,9.7840379320
4.4913557080,0.0784368896,-0.0679586792,-0.0287402340,9.7818103300
4.5013867080,0.0604742432,-0.0714015198,-0.0341290280,9.7763187640
4.5114187080,0.0775387573,-0.0646655273,-0.0151185610,9.7954017940
4.5214507080,0.0764909363,-0.0770896912,-0.0404159550,9.7701876190
4.5314817080,0.0576301575,-0.0869691467,-0.0285905460,9.7819658440
4.5415127080,0.0555345154,-0.0961001587,-0.0287402340,9.7818894860
4.5515437080,0.0640667725,-0.0907113647,-0.0209564210,9.7896735030
4.5615747080,0.0529898071,-0.1071771240,-0.0232017520,9.7875285340
4.5716047080,0.0517922974,-0.1053808594,-0.0378712460,9.7728341820
4.5816357080,0.0643661499,-0.1055305481,-0.0386196900,9.7721621390
4.5916667080,0.0493972778,-0.1041833496,-0.0220042420,9.7886748450
4.6016977080,0.0514929199,-0.0944535828,-0.0318836980,9.7787080650
4.6117297080,0.0721499634,-0.0938548279,-0.0238005070,9.7869154930
4.6217617080,0.0507444763,-0.0986448669,-0.0158670040,9.7947611990
4.6317927080,0.0607736206,-0.0725990295,-0.0188607790,9.7915969740
4.6418247080,0.0580792236,-0.0652642822,-0.0338296510,9.7765607100
4.6518567080,0.0712518311,-0.0736468506,-0.0284408570,9.7820958870
4.6618887080,0.0728984070,-0.0838256836,-0.0270936580,9.7835370600
4.6719197080,0.0751437378,-0.0763412476,-0.0489482120,9.7616395440
4.6819507080,0.0742456055,-0.0601748657,-0.0362246700,9.7742425600
4.6919827080,0.0652642822,-0.0818797302,-0.0440084840,9.7665528210
4.7020147080,0.0782872009,-0.0812809753,-0.0236508180,9.7869998360
4.7120457080,0.0715512085,-0.0781375122,-0.0323327640,9.7782412340
4.7220767080,0.0637673950,-0.0823287964,-0.0214054870,9.7891484230
4.7321077080,0.0724493408,-0.0851728821,-0.0258961490,9.7847427920
4.7421377080,0.0624201965,-0.0992436218,-0.0416134640,9.7690900850
4.7521687080,0.0606239319,-0.0972976685,-0.0314346310,9.7792373310
4.7621987080,0.0396675110,-0.0937051392,-0.0154179380,9.7951106130
4.7722297080,0.0519419861,-0.1010398865,-0.0299377440,9.7807220980
4.7822607080,0.0489482117,-0.0996926880,-0.0252973940,9.7853328840
4.7922917080,0.0621208191,-0.0931063843,-0.0366737370,9.7739671600
4.8023227080,0.0821791077,-0.0763412476,-0.0275427250,9.7831003130
4.8123527080,0.0516426086,-0.0820294190,-0.0166154480,9.7938642410
4.8223827080,0.0654139709,-0.0643661499,-0.0230520630,9.7873781940
4.8324147080,0.0678089905,-0.0619711304,-0.0408650210,9.7695668650
4.8424447080,0.0835263061,-0.0595761108,-0.0464035030,9.7641355230
4.8524767080,0.0757424927,-0.0544866943,-0.0275427250,9.7829022310
4.8625077080,0.0595761108,-0.0751437378,-0.0335302730,9.7769400230
4.8725397080,0.0550854492,-0.0752934265,-0.0437091060,9.7667364730
4.8825707080,0.0684077454,-0.0793350220,-0.0309855650,9.7795755010
4.8926027080,0.0667611694,-0.0907113647,-0.0197589110,9.7908889370
4.9026337080,0.0754431152,-0.0805325317,-0.0284408570,9.7821815780
4.9126647080,0.0734971619,-0.0796343994,-0.0223036190,9.7882962720
4.9226957080,0.0577798462,-0.0966989136,-0.0339793400,9.7766696350
4.9327257080,0.0447569275,-0.0922082520,-0.0365240480,9.7740133890
4.9427567080,0.0499960327,-0.0949026489,-0.0375718690,9.7730168160
4.9527877080,0.0435594177,-0.0929566956,-0.0389190670,9.7716201810
4.9628177080,0.0675096130,-0.1079255676,-0.0366737370,9.7741552950
4.9728477080,0.0627195740,-0.1019380188,-0.0297880550,9.7809442690
4.9828777080,0.0772393799,-0.0990939331,-0.0191601560,9.7916459480
4.9929097080,0.0574804687,-0.0910107422,-0.0148191830,9.7957722610
5.0029407080,0.0562829590,-0.0700543213,-0.0393681340,9.7710451050
5.0129727080,0.0676593018,-0.0697549439,-0.0333805850,9.7771023690
5.0230047080,0.0648152161,-0.0728984070,-0.0272433470,9.7832429650
5.0330357080,0.0498463440,-0.0625698852,-0.0173638920,9.7929628610
5.0430677080,0.0556842041,-0.0696052551,-0.0443078610,9.7660989430
5.0530997080,0.0751437378,-0.0790356445,-0.0324824520,9.7781257210
5.0631307080,0.0604742432,-0.0827778625,-0.0275427250,9.7829944110
5.0731617080,0.0743952942,-0.0878672790,-0.0303868100,9.7802908680
5.0831927080,0.0684077454,-0.0886157227,-0.0230520630,9.7875881750
5.0932227080,0.0745449829,-0.0950523376,-0.0462538150,9.7644934060
5.1032537080,0.0742456055,-0.0869691467,-0.0232017520,9.7874662700
5.1132837080,0.0645158386,-0.0862207031,-0.0249980160,9.7855945210
5.1233147080,0.0555345154,-0.0949026489,-0.0369731140,9.7736454360
5.1333457080,0.0567320251,-0.0778381348,-0.0359252930,9.7745492830
5.1433767080,0.0547860718,-0.0841250610,-0.0333805850,9.7771348430
5.1534077080,0.0585282898,-0.0901126099,-0.0371228030,9.7734678880
5.1634387080,0.0737965393,-0.0841250610,-0.0443078610,9.7663332890
5.1734707080,0.0722996521,-0.0853225708,-0.0335302730,9.7771093630
5.1835007080,0.0757424927,-0.0734971619,-0.0154179380,9.7951506640
5.1935307080,0.0730480957,-0.0754431152,-0.0194595340,9.7911036310
5.2035607080,0.0708027649,-0.0712518311,-0.0285905460,9.7819252080
5.2135917080,0.0847238159,-0.0841250610,-0.0356259160,9.7751032680
5.2236227080,0.0775387573,-0.0800834656,-0.0499960330,9.7606405050
5.2336537080,0.0603245544,-0.0699046326,-0.0390687560,9.7713675130
5.2436847080,0.0483494568,-0.0817300415,-0.0122744750,9.7981856960
5.2537147080,0.0561332703,-0.0934057617,-0.0115260310,9.7990799410
5.2637457080,0.0696052551,-0.0860710144,-0.0200582890,9.7905674920
5.2737757080,0.0631686401,-0.0893641663,-0.0282911680,9.7823209870
5.2838077080,0.0646655273,-0.0754431152,-0.0278421020,9.7826625430
5.2938377080,0.0654139709,-0.0712518311,-0.0235011290,9.7869768550
5.3038687080,0.0314346313,-0.0785865784,-0.0384700010,9.7718965660
5.3138997080,0.0559835815,-0.0895138550,-0.0371228030,9.7734474780
5.3239307080,0.0585282898,-0.0733474731,-0.0309855650,9.7794646440
5.3339617080,0.0514929199,-0.0785865784,-0.0487985230,9.7616536330
5.3439927080,0.0386196899,-0.0766406250,-0.0272433470,9.7831330870
5.3540237080,0.0456550598,-0.0788859558,-0.0278421020,9.7825825080
5.3640537080,0.0615220642,-0.0742456055,-0.0196092220,9.7908655870
5.3740847080,0.0764909363,-0.0817300415,-0.0166154480,9.7940242830
5.3841147080,0.0859213257,-0.0898132324,-0.0360749820,9.7747152980
5.3941447080,0.0685574341,-0.0944535828,-0.0124241640,9.7982709630
5.4041757080,0.0841250610,-0.0790356445,-0.0395178220,9.7711639860
5.4142067080,0.0666114807,-0.0866697693,-0.0344284060,9.7761827280
5.4242377080,0.0519419861,-0.0895138550,-0.0220042420,9.7885428770
5.4342687080,0.0712518311,-0.0796343994,-0.0299377440,9.7806460010
5.4442997080,0.0571810913,-0.0687071228,-0.0348774720,9.7755312280
5.4543307080,0.0549357605,-0.0754431152,-0.0318836980,9.7785616540
5.4643617080,0.0675096130,-0.0977467346,-0.0499960330,9.7607268900
5.4743927080,0.0734971619,-0.0685574341,-0.0425115970,9.7680055110
5.4844237080,0.0510438538,-0.0835263061,-0.0143701170,9.7961189720
5.4944547080,0.0669108582,-0.0835263061,-0.0062869260,9.8042972080
5.5044857080,0.0510438538,-0.0779878235,-0.0386196900,9.7718248420
5.5145167080,0.0538879394,-0.0685574341,-0.0715512080,9.7388391970
5.5245487080,0.0630189514,-0.0725990295,-0.0238005070,9.7866716780
5.5345807080,0.0484991455,-0.0688568115,-0.0131726070,9.7971894130
5.5446127080,0.0583786011,-0.0745449829,-0.0390687560,9.7713899930
5.5546447080,0.0627195740,-0.0718505859,-0.0523910520,9.7580750470
5.5646757080,0.0604742432,-0.0787362671,-0.0420625310,9.7684419920
5.5747077080,0.0631686401,-0.0889151001,-0.0252973940,9.7853104840
5.5847397080,0.0574804687,-0.0883163452,-0.0287402340,9.7818273540
5.5947717080,0.0700543213,-0.0829275513,-0.0441581730,9.7664451660
5.6048027080,0.0601748657,-0.0841250610,-0.0416134640,9.7689341050
5.6148347080,0.0612226868,-0.0959504700,-0.0209564210,9.7897052510
5.6248657080,0.0821791077,-0.0862207031,-0.0267942810,9.7839307820
5.6348967080,0.0734971619,-0.0863703919,-0.0043409730,9.8063148340
5.6449287080,0.0678089905,-0.0868194580,-0.0362246700,9.7743961380
5.6549597080,0.0703536987,-0.0658630371,-0.0383203120,9.7721549060
5.6649917080,0.0697549439,-0.0959504700,-0.0300874330,9.7806319870
5.6750237080,0.0621208191,-0.0604742432,-0.0202079770,9.7901758910
5.6850547080,0.0520916748,-0.0835263061,-0.0363743590,9.7741213600
5.6950857080,0.0470022583,-0.0761915588,-0.0537382510,9.7566724700
5.7051177080,0.0660127258,-0.0797840881,-0.0371228030,9.7734258010
5.7151497080,0.0643661499,-0.0731977844,-0.0279917910,9.7824938290
5.7251817080,0.0511935425,-0.0820294190,-0.0158670040,9.7946102900
5.7352127080,0.0847238159,-0.0880169678,-0.0074844360,9.8032768240
5.7452447080,0.0803828430,-0.0854722595,-0.0221539310,9.7885493100
5.7552767080,0.0658630371,-0.0818797302,-0.0263452150,9.7842190890
5.7653077080,0.0746946716,-0.0784368896,-0.0318836980,9.7787161770
5.7753397080,0.0669108582,-0.0859213257,-0.0287402340,9.7818659850
5.7853707080,0.0699046326,-0.0889151001,-0.0431103520,9.7675445200
5.7954027080,0.0709524536,-0.0712518311,-0.0327818300,9.7777352300
5.8054347080,0.0773890686,-0.0966989136,-0.0173638920,9.7934193060
5.8154657080,0.0444575501,-0.1053808594,-0.0252973940,9.7853710550
5.8254977080,0.0595761108,-0.1014889526,-0.0413140870,9.7693947500
5.8355287080,0.0755928040,-0.0925076294,-0.0314346310,9.7792950970
5.8455607080,0.0785865784,-0.0829275513,-0.0230520630,9.7876147630
5.8555927080,0.0733474731,-0.0929566956,-0.0217048650,9.7890113120
5.8656247080,0.0583786011,-0.0821791077,-0.0428109740,9.7677091960
5.8756567080,0.0580792236,-0.0865200806,-0.0363743590,9.7741811470
5.8856887080,0.0694555664,-0.0749940491,-0.0200582890,9.7904753150
5.8957207080,0.0547860718,-0.0890647888,-0.0276924130,9.7828664390
5.9057517080,0.0372724915,-0.0696052551,-0.0308358760,9.7794828640
5.9157837080,0.0648152161,-0.0800834656,-0.0359252930,9.7746176780
5.9258190000,0.0532891846,-0.0730480957,-0.0327818300,9.7776362640
5.9358510000,0.0613723755,-0.0821791077,-0.0323327640,9.7782051810
5.9458820000,0.0607736206,-0.0811312866,-0.0248483280,9.7856767250
5.9559140000,0.0706530762,-0.0956510925,-0.0229023740,9.7878200290
5.9659450000,0.0682580566,-0.0829275513,-0.0285905460,9.7819991340
5.9759760000,0.0880169678,-0.0658630371,-0.0348774720,9.7757406560
5.9860070000,0.0673599243,-0.0809815979,-0.0414637760,9.7691041220
5.9960380000,0.0502954102,-0.0805325317,-0.0345780940,9.7758830060
6.0060700000,0.0603245544,-0.0853225708,-0.0309855650,9.7795727060
6.0161010000,0.0567320251,-0.0910107422,-0.0396675110,9.7709210630
6.0261330000,0.0555345154,-0.1005908203,-0.0095800780,9.8010934720
6.0361660000,0.0703536987,-0.0929566956,-0.0242495730,9.7864448100
6.0461990000,0.0832269287,-0.0881666565,-0.0267942810,9.7839569820
6.0562310000,0.0848735046,-0.0878672790,-0.0473016360,9.7634626810
6.0662640000,0.0736468506,-0.0797840881,-0.0435594180,9.7670441280
6.0762970000,0.0627195740,-0.0731977844,-0.0136216740,9.7968525550
6.0863290000,0.0531394959,-0.0636177063,-0.0245489500,9.7858021270
6.0963610000,0.0381706238,-0.0821791077,-0.0459544370,9.7644659940
6.1063930000,0.0443078613,-0.0739462280,-0.0199086000,9.7904709210
6.1164260000,0.0440084839,-0.0724493408,-0.0401165770,9.7702511610
6.1264570000,0.0664617920,-0.0775387573,-0.0350271610,9.7755063010
6.1364890000,0.0471519470,-0.0875679016,-0.0235011290,9.7870042200
6.1465190000,0.0642164612,-0.0934057617,-0.0113763430,9.7992792570
6.1565500000,0.0696052551,-0.0913101196,-0.0365240480,9.7741503270
6.1665820000,0.0568817139,-0.0772393799,-0.0362246700,9.7742460400
6.1766140000,0.0544866943,-0.0833766174,-0.0338296510,9.7766777160
6.1866450000,0.0600251770,-0.0910107422,-0.0320333860,9.7785743890
6.1966760000,0.0580792236,-0.0998423767,-0.0344284060,9.7762539700
6.2067080000,0.0426612854,-0.1092727661,-0.0303868100,9.7803166950
6.2167410000,0.0649649048,-0.0975970459,-0.0344284060,9.7762746290
6.2267730000,0.0655636597,-0.0913101196,-0.0348774720,9.7757688480
6.2368060000,0.0720002747,-0.0910107422,-0.0146694950,9.7960179000
6.2468370000,0.0731977844,-0.0889151001,-0.0220042420,9.7886732900
6.2568690000,0.0847238159,-0.0761915588,-0.0399668880,9.7706975330
6.2669000000,0.0778381348,-0.0886157227,-0.0437091060,9.7670030890
6.2769320000,0.0604742432,-0.0764909363,-0.0353265380,9.7751598090
6.2869630000,0.0630189514,-0.0800834656,-0.0220042420,9.7885262280
6.2969950000,0.0492475891,-0.0773890686,-0.0196092220,9.7908204950
6.3070260000,0.0453556824,-0.0800834656,-0.0438587950,9.7665748620
6.3170580000,0.0585282898,-0.0776884460,-0.0356259160,9.7748580450
6.3270900000,0.0504450989,-0.0920585632,-0.0422122190,9.7683518370
6.3371220000,0.0582289124,-0.0830772400,-0.0342787170,9.7762476970
6.3471540000,0.0492475891,-0.0703536987,-0.0260458370,9.7843310460
6.3571850000,0.0443078613,-0.0736468506,-0.0261955260,9.7841819810
6.3672180000,0.0529898071,-0.0839753723,-0.0357756040,9.7747287590
6.3772500000,0.0321830750,-0.0808319092,-0.0408650210,9.7695223930
6.3872830000,0.0467028809,-0.1008901978,-0.0315843200,9.7790476630
6.3973150000,0.0516426086,-0.0862207031,-0.0115260310,9.7989893910
6.4073460000,0.0568817139,-0.0854722595,-0.0191601560,9.7913781400
6.4173770000,0.0648152161,-0.0947529602,-0.0300874330,9.7805863300
6.4274090000,0.0622705078,-0.0886157227,-0.0381706240,9.7724295710
6.4374400000,0.0731977844,-0.0712518311,-0.0270936580,9.7834396420
6.4474720000,0.0675096130,-0.0676593018,-0.0440084840,9.7664592160
6.4575040000,0.0773890686,-0.0717008972,-0.0368234250,9.7737459780
6.4675350000,0.0736468506,-0.0751437378,-0.0392184450,9.7713480460
6.4775680000,0.0820294190,-0.0648152161,-0.0300874330,9.7804713410
6.4875990000,0.0703536987,-0.0758921814,-0.0387693790,9.7717786060
6.4976310000,0.0811312866,-0.0764909363,-0.0163160710,9.7943186620
6.5076630000,0.0681083679,-0.0920585632,-0.0275427250,9.7831275100
6.5176950000,0.0643661499,-0.0812809753,-0.0470022580,9.7635482540
6.5277260000,0.0697549439,-0.0901126099,-0.0374221800,9.7732422090
6.5377590000,0.0649649048,-0.0702040100,-0.0094303890,9.8010363600
6.5477900000,0.0679586792,-0.0821791077,-0.0010478210,9.8095318260
6.5578220000,0.0496966553,-0.0808319092,-0.0333805850,9.7770798680
6.5678530000,0.0742456055,-0.0839753723,-0.0398172000,9.7708257700
6.5778850000,0.0517922974,-0.0784368896,-0.0308358760,9.7796158280
6.5879160000,0.0398171997,-0.0755928040,-0.0233514400,9.7870214930
6.5979480000,0.0318836975,-0.0859213257,-0.0220042420,9.7884247970
6.6079800000,0.0474513245,-0.0917591858,-0.0495469670,9.7609996820
6.6180120000,0.0404159546,-0.0902622986,-0.0314346310,9.7790654670
6.6280440000,0.0598754883,-0.0998423767,-0.0136216740,9.7970700670
6.6380770000,0.0737965393,-0.0983454895,-0.0193098450,9.7914621730
6.6481090000,0.0901126099,-0.0974473572,-0.0359252930,9.7749758390
6.6581410000,0.0952020264,-0.0636177063,-0.0350271610,9.7756434390
6.6681740000,0.0580792236,-0.0736468506,-0.0377215580,9.7727285350
6.6782060000,0.0688568115,-0.0694555664,-0.0249980160,9.7854907470
6.6882380000,0.0595761108,-0.0799337769,-0.0399668880,9.7705417310
6.6982700000,0.0731977844,-0.0796343994,-0.0275427250,9.7830552440
6.7083030000,0.0610729981,-0.0860710144,-0.0282911680,9.7822781500
6.7183350000,0.0660127258,-0.0938548279,-0.0257464600,9.7849263540
6.7283680000,0.0779878235,-0.1137634277,-0.0148191830,9.7961518690
6.7384000000,0.0739462280,-0.0937051392,-0.0344284060,9.7763003580
6.7484330000,0.0700543213,-0.0872685242,-0.0260458370,9.7845941390
6.7584650000,0.0839753723,-0.0842747498,-0.0139210510,9.7968013590
6.7684960000,0.0622705078,-0.0905616760,-0.0290396120,9.7815778460
6.7785280000,0.0496966553,-0.0722996521,-0.0504450990,9.7599492250
6.7885590000,0.0413140869,-0.0745449829,-0.0423619080,9.7680099150
6.7985900000,0.0514929199,-0.0767903137,-0.0146694950,9.7957668400
6.8086210000,0.0583786011,-0.0865200806,-0.0236508180,9.7869057470
6.8186520000,0.0604742432,-0.0860710144,-0.0356259160,9.7749401070
6.8286830000,0.0690065002,-0.0977467346,-0.0420625310,9.7686702640
6.8387140000,0.0612226868,-0.0920585632,-0.0290396120,9.7815852040
6.8487450000,0.0905616760,-0.0779878235,-0.0341290280,9.7766014940
6.8587750000,0.0510438538,-0.0740959168,-0.0345780940,9.7758359800
6.8688060000,0.0600251770,-0.0829275513,-0.0314346310,9.7791012200
6.8788370000,0.0681083679,-0.0866697693,-0.0516426090,9.7589799350
6.8888690000,0.0646655273,-0.0793350220,-0.0232017520,9.7873334280
6.8989000000,0.0637673950,-0.0827778625,-0.0290396120,9.7815185210
6.9089320000,0.0781375122,-0.0950523376,-0.0419128420,9.7688621210
6.9189630000,0.0717008972,-0.0949026489,-0.0390687560,9.7716551770
6.9289907500,0.0733474731,-0.0856219482,-0.0220042420,9.7886450510
6.9390227500,0.0630189514,-0.0963995361,-0.0185614010,9.7921159150
6.9490547500,0.0636177063,-0.0898132324,-0.0425115970,9.7681084830
6.9590857500,0.0690065002,-0.0884660339,-0.0351768490,9.7754670360
6.9691167500,0.0567320251,-0.0794847107,-0.0314346310,9.7790529710
6.9791477500,0.0411643982,-0.0800834656,-0.0196092220,9.7908048420
6.9891787500,0.0538879394,-0.0910107422,-0.0282911680,9.7822806410
6.9992107500,0.0589773560,-0.0670605469,-0.0282911680,9.7821164950
7.0092417500,0.0681083679,-0.0799337769,-0.0353265380,9.7752375650
7.0192737500,0.0624201965,-0.0917591858,-0.0317340090,9.7788957360
7.0293047500,0.0895138550,-0.0943038940,-0.0149688720,9.7958940760
7.0393367500,0.0760418701,-0.0878672790,-0.0184117130,9.7922777850
7.0493677500,0.0892144775,-0.0717008972,-0.0372724910,9.7733977300
7.0593987500,0.0725990295,-0.0905616760,-0.0261955260,9.7844929360
7.0694307500,0.0576301575,-0.0790356445,-0.0067359920,9.8037519890
7.0794617500,0.0573307800,-0.0730480957,-0.0157173160,9.7947228720
7.0894927500,0.0663121033,-0.0791853333,-0.0377215580,9.7728242370
7.0995237500,0.0541873169,-0.0899629211,-0.0449066160,9.7656581130
7.1095547500,0.0558338928,-0.0901126099,-0.0175135800,9.7930601950
7.1195847500,0.0567320251,-0.0838256836,-0.0327818300,9.7777420920
7.1296167500,0.0878672790,-0.1011895752,-0.0203576660,9.7905595860
7.1396467500,0.0648152161,-0.0857716370,-0.0285905460,9.7820002400
7.1496777500,0.0504450989,-0.0749940491,-0.0330812070,9.7773365440
7.1597097500,0.0579295349,-0.0814306641,-0.0240998840,9.7864103670
7.1697407500,0.0634680176,-0.0784368896,-0.0336799620,9.7768406970
7.1797727500,0.0450563049,-0.0740959168,-0.0249980160,9.7853862520
7.1898037500,0.0468525696,-0.0998423767,-0.0458047490,9.7648181020
7.1998337500,0.0573307800,-0.0977467346,-0.0239501950,9.7867058820
7.2098637500,0.0669108582,-0.0952020264,-0.0232017520,9.7874899970
7.2198947500,0.0613723755,-0.0889151001,-0.0333805850,9.7772163550
7.2299247500,0.0526904297,-0.0787362671,-0.0336799620,9.7767790790
7.2399557500,0.0678089905,-0.0860710144,-0.0252973940,9.7853161100
7.2499867500,0.0697549439,-0.0859213257,-0.0164657590,9.7941595430
7.2600187500,0.0706530762,-0.0764909363,-0.0408650210,9.7696899110
7.2700487500,0.0631686401,-0.0895138550,-0.0338296510,9.7767842210
7.2800797500,0.0585282898,-0.0857716370,-0.0161663820,9.7943840680
7.2901107500,0.0597257996,-0.0736468506,-0.0206570430,9.7898021710
7.3001427500,0.0636177063,-0.0752934265,-0.0312849430,9.7792118540
7.3101737500,0.0585282898,-0.0854722595,-0.0285905460,9.7819579830
7.3202047500,0.0694555664,-0.0805325317,-0.0459544370,9.7646246890
7.3302367500,0.0917591858,-0.0981958008,-0.0363743590,9.7745496230
7.3402677500,0.0839753723,-0.0947529602,-0.0282911680,9.7825281830
7.3502997500,0.0579295349,-0.0693058777,-0.0318836980,9.7785335080
7.3603307500,0.0577798462,-0.0573307800,-0.0339793400,9.7763595110
7.3703607500,0.0574804687,-0.0862207031,-0.0252973940,9.7852513050
7.3803917500,0.0565823364,-0.0757424927,-0.0309855650,9.7794714480
7.3904227500,0.0532891846,-0.0978964233,-0.0471519470,9.7634842940
7.4004547500,0.0477507019,-0.0818797302,-0.0317340090,9.7787253880
7.4104857500,0.0733474731,-0.0853225708,-0.0206570430,9.7899895460
7.4205167500,0.0803828430,-0.0981958008,-0.0232017520,9.7876209450
7.4305477500,0.0803828430,-0.0947529602,-0.0181123350,9.7926760170
7.4405807500,0.0612226868,-0.0955014038,-0.0296383670,9.7810194980
7.4506127500,0.0544866943,-0.0901126099,-0.0335302730,9.7770368410
7.4606447500,0.0661624146,-0.0787362671,-0.0321830750,9.7783577700
7.4706757500,0.0297880554,-0.0740959168,-0.0345780940,9.7757481030
7.4807067500,0.0345780945,-0.0898132324,-0.0197589110,9.7907141030
7.4907387500,0.0561332703,-0.0937051392,-0.0308358760,9.7797741570
7.5007697500,0.0781375122,-0.0875679016,-0.0377215580,9.7729831460
7.5108007500,0.0507444763,-0.0625698852,-0.0435594180,9.7667728360
7.5208317500,0.0561332703,-0.0669108582,-0.0387693790,9.7716209430
7.5308617500,0.0660127258,-0.0718505859,-0.0209564210,9.7895298340
7.5408917500,0.0814306641,-0.0610729981,-0.0294886780,9.7810409770
7.5509217500,0.0714015198,-0.0875679016,-0.0383203120,9.7723328960
7.5609527500,0.0642164612,-0.0913101196,-0.0347277830,9.7759095840
7.5709837500,0.0648152161,-0.0847238159,-0.0347277830,9.7758542360
7.5810147500,0.0516426086,-0.0886157227,-0.0308358760,9.7797019720
7.5910457500,0.0453556824,-0.0788859558,-0.0226029970,9.7878199940
7.6010767500,0.0568817139,-0.0923579407,-0.0311352540,9.7794663070
7.6111077500,0.0484991455,-0.0841250610,-0.0330812070,9.7774009980
7.6211397500,0.0657133484,-0.0869691467,-0.0338296510,9.7767780260
7.6311707500,0.0609233093,-0.1029858398,-0.0224533080,9.7882780910
7.6412017500,0.0594264221,-0.0769400024,-0.0200582890,9.7904244020
7.6512317500,0.0577798462,-0.0983454895,-0.0423619080,9.7683040620
7.6612627500,0.0733474731,-0.0708027649,-0.0429606630,9.7675713610
7.6712937500,0.0637673950,-0.0703536987,-0.0458047490,9.7646569230
7.6813247500,0.0634680176,-0.0803828430,-0.0336799620,9.7768565030
7.6913547500,0.0538879394,-0.0720002747,-0.0517922970,9.7586221120
7.7013847500,0.0688568115,-0.0598754883,-0.0363743590,9.7740515910
7.7114147500,0.0751437378,-0.0607736206,-0.0169148250,9.7935620310
7.7214447500,0.0862207031,-0.0941542053,-0.0181123350,9.7927199010
7.7314747500,0.0688568115,-0.1055305481,-0.0356259160,9.7751862740
7.7415057500,0.0725990295,-0.0962498474,-0.0215551760,9.7891872350
7.7515357500,0.0550854492,-0.0860710144,-0.0381706240,9.7723636850
7.7615667500,0.0363743591,-0.0821791077,-0.0282911680,9.7821216600
7.7715977500,0.0636177063,-0.0934057617,-0.0184117130,9.7922404500
7.7816287500,0.0601748657,-0.0884660339,-0.0299377440,9.7806474730
7.7916587500,0.0464035034,-0.0899629211,-0.0329315190,9.7775924800
7.8016897500,0.0648152161,-0.0908610535,-0.0166154480,9.7940205090
7.8117207500,0.0525407410,-0.1022373962,-0.0276924130,9.7829829160
7.8217507500,0.0547860718,-0.0829275513,-0.0368234250,9.7736819500
7.8317807500,0.0714015198,-0.0844244385,-0.0440084840,9.7666174270
7.8418117500,0.0526904297,-0.0886157227,-0.0311352540,9.7794082000
7.8518427500,0.0681083679,-0.0926573181,-0.0324824520,9.7781937760
7.8618727500,0.0835263061,-0.0826281738,-0.0269439700,9.7837615130
7.8719037500,0.0604742432,-0.0790356445,-0.0432600400,9.7672469620
7.8819337500,0.0507444763,-0.0784368896,-0.0221539310,9.7882918850
7.8919637500,0.0613723755,-0.0714015198,-0.0233514400,9.7871014490
7.9019937500,0.0802331543,-0.0799337769,-0.0317340090,9.7789218510
7.9120237500,0.0618214417,-0.0787362671,-0.0308358760,9.7796764900
7.9220537500,0.0630189514,-0.0946032715,-0.0263452150,9.7843151070
7.9320835830,0.0661624146,-0.0886157227,-0.0302371220,9.7803881400
7.9421145830,0.0800834656,-0.1077758789,-0.0371228030,9.7737995540
7.9521445830,0.0711021423,-0.0923579407,-0.0290396120,9.7816548510
7.9621755830,0.0549357605,-0.0943038940,-0.0344284060,9.7761808060
7.9722055830,0.0705033874,-0.0790356445,-0.0282911680,9.7822821990
7.9822365830,0.0749940491,-0.0766406250,-0.0248483280,9.7857391720
7.9922665830,0.0571810913,-0.0763412476,-0.0386196900,9.7718458250
8.0022965830,0.0850231934,-0.0752934265,-0.0455053710,9.7651550630
8.0123275830,0.0577798462,-0.0809815979,-0.0359252930,9.7745809580
8.0223575830,0.0486488342,-0.0714015198,-0.0079335020,9.8024472720
8.0323875830,0.0592767334,-0.0815803528,-0.0362246700,9.7742955390
8.0424185830,0.0564326477,-0.0826281738,-0.0438587950,9.7666537820
8.0524495830,0.0859213257,-0.0666114807,-0.0223036190,9.7883001590
8.0624815830,0.0588276672,-0.0854722595,-0.0281414790,9.7824088200
8.0725115830,0.0434097290,-0.0791853333,-0.0377215580,9.7726956710
8.0825425830,0.0493972778,-0.0823287964,-0.0470022580,9.7634698250
8.0925725830,0.0841250610,-0.0955014038,-0.0380209350,9.7728078050
8.1026025830,0.0682580566,-0.0860710144,-0.0318836980,9.7787333440
8.1126335830,0.0697549439,-0.0815803528,-0.0476010130,9.7629890450
8.1226645830,0.0800834656,-0.0892144775,-0.0489482120,9.7617879820
8.1326955830,0.0746946716,-0.0919088745,-0.0251477050,9.7855690160
8.1427255830,0.0613723755,-0.0869691467,-0.0176632690,9.7929152380
8.1527565830,0.0513432312,-0.1016386414,-0.0378712460,9.7727921760
8.1627875830,0.0615220642,-0.0898132324,-0.0230520630,9.7875533870
8.1728175830,0.0670605469,-0.0848735046,-0.0082328800,9.8023639650
8.1828485830,0.0495469666,-0.0835263061,-0.0306861880,9.7797960200
8.1928795830,0.0672102356,-0.0663121033,-0.0267942810,9.7836613110
8.2029105830,0.0633183289,-0.0829275513,-0.0279917910,9.7825646330
8.2129415830,0.0696052551,-0.0842747498,-0.0366737370,9.7739374550
8.2229715830,0.0743952942,-0.0755928040,-0.0151185610,9.7954556470
8.2330025830,0.0757424927,-0.0703536987,-0.0390687560,9.7714780840
8.2430335830,0.0806822205,-0.0836759949,-0.0413140870,9.7693774500
8.2530635830,0.0631686401,-0.0895138550,-0.0263452150,9.7842681870
8.2630935830,0.0501457214,-0.0844244385,-0.0240998840,9.7863927550
8.2731235830,0.0627195740,-0.0940045166,-0.0360749820,9.7745782960
8.2831535830,0.0610729981,-0.0841250610,-0.0311352540,9.7794172970
8.2931835830,0.0462538147,-0.0950523376,-0.0098794560,9.8006906410
8.3032135830,0.0609233093,-0.0878672790,-0.0246986390,9.7858855010
8.3132435830,0.0636177063,-0.0914598084,-0.0372724910,9.7733625260
8.3232725830,0.0740959168,-0.1007405090,-0.0254470830,9.7853520450
8.3333025830,0.0829275513,-0.1022373962,-0.0166154480,9.7942692660
8.3433325830,0.0513432312,-0.0809815979,-0.0272433470,9.7832265570
8.3533615830,0.0601748657,-0.0791853333,-0.0390687560,9.7714373920
8.3633915830,0.0690065002,-0.0767903137,-0.0203576660,9.7901867030
8.3734215830,0.0685574341,-0.0688568115,-0.0086819460,9.8017996810
8.3834515830,0.0598754883,-0.0648152161,-0.0462538150,9.7641449010
8.3934805830,0.0594264221,-0.0767903137,-0.0395178220,9.7709646520
8.4035115830,0.0645158386,-0.0715512085,-0.0182620240,9.7922119290
8.4135415830,0.0654139709,-0.0785865784,-0.0205073550,9.7900266130
8.4235715830,0.0690065002,-0.0847238159,-0.0266445920,9.7839656100
8.4336015830,0.0743952942,-0.0814306641,-0.0278421020,9.7827797050
8.4436315830,0.0742456055,-0.0806822205,-0.0329315190,9.7776832700
8.4536615830,0.0570314026,-0.0956510925,-0.0187110900,9.7919221930
8.4636915830,0.0705033874,-0.0812809753,-0.0197589110,9.7908323400
8.4737205830,0.0621208191,-0.0883163452,-0.0344284060,9.7761678980
8.4837505830,0.0434097290,-0.0934057617,-0.0275427250,9.7829995090
8.4937815830,0.0618214417,-0.0851728821,-0.0335302730,9.7770361880
8.5038105830,0.0568817139,-0.0872685242,-0.0401165770,9.7704387530
8.5138405830,0.0507444763,-0.0928070068,-0.0467028810,9.7638700720
8.5238705830,0.0630189514,-0.0814306641,-0.0464035030,9.7641394340
8.5339005830,0.0577798462,-0.0711021423,-0.0308358760,9.7795932930
8.5439295830,0.0664617920,-0.0814306641,-0.0209564210,9.7896078730
8.5539595830,0.0702040100,-0.0809815979,-0.0290396120,9.7815475640
8.5639895830,0.0676593018,-0.0830772400,-0.0480500790,9.7625378800
8.5740195830,0.0772393799,-0.0932560730,-0.0263452150,9.7844040990
8.5840495830,0.0648152161,-0.0815803528,-0.0130229190,9.7975311330
8.5940795830,0.0574804687,-0.0934057617,-0.0224533080,9.7881611600
8.6041095830,0.0642164612,-0.0848735046,-0.0299377440,9.7806413390
8.6141395830,0.0734971619,-0.0880169678,-0.0293389890,9.7813331720
8.6241695830,0.0687071228,-0.0913101196,-0.0276924130,9.7829750040
8.6341995830,0.0760418701,-0.0905616760,-0.0214054870,9.7893087770
8.6442305830,0.0724493408,-0.0836759949,-0.0242495730,9.7863763470
8.6542605830,0.0673599243,-0.0860710144,-0.0471519470,9.7634598210
8.6642905830,0.0678089905,-0.0841250610,-0.0197589110,9.7908373320
8.6743205830,0.0684077454,-0.0800834656,-0.0348774720,9.7756899200
8.6843505830,0.0636177063,-0.0794847107,-0.0224533080,9.7880761790
8.6943795830,0.0727487183,-0.0850231934,-0.0200582890,9.7905811900
8.7044095830,0.0492475891,-0.0788859558,-0.0362246700,9.7742177440
8.7144395830,0.0791853333,-0.0766406250,-0.0327818300,9.7778391910
8.7244695830,0.0896635437,-0.0793350220,-0.0413140870,9.7694195360
8.7344995830,0.0663121033,-0.0693058777,-0.0426612850,9.7678096910
8.7445295830,0.0618214417,-0.0589773560,-0.0381706240,9.7722029030
8.7545595830,0.0874182129,-0.0824784851,-0.0282911680,9.7824471540
8.7645895830,0.0708027649,-0.1035845947,-0.0312849430,9.7795199770
8.7746195830,0.0773890686,-0.0814306641,-0.0392184450,9.7714273380
8.7846495830,0.0657133484,-0.0940045166,-0.0402662660,9.7704069680
8.7946795830,0.0645158386,-0.0902622986,-0.0193098450,9.7913187720
8.8047085830,0.0654139709,-0.0761915588,-0.0173638920,9.7931509790
8.8147385830,0.0583786011,-0.0863703919,-0.0223036190,9.7882515470
8.8247685830,0.0528401184,-0.0821791077,-0.0333805850,9.7771075820
8.8347985830,0.0535885620,-0.0910107422,-0.0142204280,9.7963489170
8.8448285830,0.0612226868,-0.0791853333,-0.0139210510,9.7965902900
8.8548585830,0.0583786011,-0.0745449829,-0.0360749820,9.7743836270
8.8648895830,0.0715512085,-0.0788859558,-0.0547860720,9.7557952700
8.8749185830,0.0622705078,-0.0764909363,-0.0284408570,9.7820564170
8.8849485830,0.0540376282,-0.0603245544,-0.0254470830,9.7848880890
8.8949785830,0.0676593018,-0.0745449829,-0.0321830750,9.7783351630
8.9050085830,0.0712518311,-0.0755928040,-0.0267942810,9.7837572150
8.9150375830,0.0669108582,-0.0809815979,-0.0333805850,9.7771837600
8.9250675830,0.0833766174,-0.0778381348,-0.0309855650,9.7796796340
8.9351022080,0.0805325317,-0.0772393799,-0.0528401180,9.7577979260
8.9451322080,0.0541873169,-0.0708027649,-0.0390687560,9.7713380180
8.9551622080,0.0377215576,-0.0886157227,-0.0350271610,9.7754472880
8.9651922080,0.0464035034,-0.0944535828,-0.0218545530,9.7887111540
8.9752232080,0.0504450989,-0.0931063843,-0.0229023740,9.7876704810
8.9852532080,0.0550854492,-0.1022373962,-0.0317340090,9.7789556030
8.9952832080,0.0619711304,-0.0901126099,-0.0471519470,9.7634605960
9.0053132080,0.0649649048,-0.0908610535,-0.0321830750,9.7784548880
9.0153432080,0.0676593018,-0.0857716370,-0.0305364990,9.7800736660
9.0253732080,0.0663121033,-0.0785865784,-0.0223036190,9.7882364900
9.0354032080,0.0504450989,-0.0851728821,-0.0074844360,9.8030153780
9.0454332080,0.0502954102,-0.0799337769,-0.0245489500,9.7859067690
9.0554632080,0.0510438538,-0.0887654114,-0.0359252930,9.7746110490
9.0654932080,0.0652642822,-0.0868194580,-0.0315843200,9.7790188800
9.0755232080,0.0676593018,-0.0841250610,-0.0309855650,9.7796103260
9.0855542080,0.0829275513,-0.0645158386,-0.0496966550,9.7608688470
9.0955852080,0.0694555664,-0.0615220642,-0.0519419860,9.7584991290
9.1056172080,0.0636177063,-0.0880169678,-0.0261955260,9.7844071960
9.1156482080,0.0648152161,-0.0847238159,-0.0221539310,9.7884273410
9.1256782080,0.0755928040,-0.0763412476,-0.0299377440,9.7806523290
9.1357092080,0.0736468506,-0.0763412476,-0.0263452150,9.7842298010
9.1457402080,0.0538879394,-0.0737965393,-0.0236508180,9.7867757790
9.1557702080,0.0393681335,-0.0724493408,-0.0356259160,9.7747218630
9.1658012080,0.0637673950,-0.0775387573,-0.0314346310,9.7790806930
9.1758322080,0.0522413635,-0.0899629211,-0.0363743590,9.7741792830
9.1858622080,0.0507444763,-0.0841250610,-0.0303868100,9.7801066540
9.1958932080,0.0565823364,-0.0818797302,-0.0342787170,9.7762279260
9.2059252080,0.0651145935,-0.0866697693,-0.0209564210,9.7896438010
9.2159562080,0.0642164612,-0.0827778625,-0.0425115970,9.7680502470
9.2259872080,0.0645158386,-0.0917591858,-0.0359252930,9.7747183290
9.2360172080,0.0579295349,-0.0703536987,-0.0312849430,9.7791397190
9.2460472080,0.0625698852,-0.0559835815,-0.0276924130,9.7826678810
9.2560772080,0.0700543213,-0.0833766174,-0.0317340090,9.7788723820
9.2661082080,0.0618214417,-0.0703536987,-0.0386196900,9.7718291380
9.2761382080,0.0589773560,-0.0661624146,-0.0236508180,9.7867505390
9.2861692080,0.0571810913,-0.0667611694,-0.0281414790,9.7822534650
9.2961992080,0.0850231934,-0.0859213257,-0.0416134640,9.7691344000
9.3062302080,0.0669108582,-0.0788859558,-0.0218545530,9.7886920140
9.3162612080,0.0775387573,-0.0871188355,-0.0166154480,9.7940789730
9.3262922080,0.0705033874,-0.0893641663,-0.0323327640,9.7783297790
9.3363222080,0.0800834656,-0.0889151001,-0.0357756040,9.7749568690
9.3463522080,0.0797840881,-0.0839753723,-0.0229023740,9.7877830640
9.3563822080,0.0547860718,-0.0934057617,-0.0172142030,9.7933844930
9.3664122080,0.0592767334,-0.0790356445,-0.0312849430,9.7792141060
9.3764432080,0.0600251770,-0.0910107422,-0.0315843200,9.7790234270
9.3864732080,0.0685574341,-0.0793350220,-0.0395178220,9.7710447830
9.3965032080,0.0640667725,-0.0947529602,-0.0224533080,9.7882150020
9.4065342080,0.0461041260,-0.0884660339,-0.0236508180,9.7868576240
9.4165642080,0.0652642822,-0.0889151001,-0.0347277830,9.7758944470
9.4265952080,0.0730480957,-0.0896635437,-0.0452059940,9.7654788700
9.4366252080,0.0595761108,-0.0770896912,-0.0235011290,9.7869838190
9.4466552080,0.0721499634,-0.0814306641,-0.0353265380,9.7752789150
9.4566842080,0.0658630371,-0.0748443603,-0.0353265380,9.7751818860
9.4667142080,0.0669108582,-0.0568817139,-0.0401165770,9.7702781270
9.4767452080,0.0519419861,-0.0775387573,-0.0309855650,9.7794597780
9.4867752080,0.0550854492,-0.0805325317,-0.0374221800,9.7730648800
9.4968062080,0.0697549439,-0.0904119873,-0.0312849430,9.7793817930
9.5068362080,0.0631686401,-0.0817300415,-0.0470022580,9.7635441810
9.5168672080,0.0580792236,-0.0835263061,-0.0288899230,9.7816391350
9.5268972080,0.0543370056,-0.0940045166,-0.0405656430,9.7700377180
9.5369272080,0.0634680176,-0.0805325317,-0.0302371220,9.7803003860
9.5469582080,0.0538879394,-0.0911604309,-0.0293389890,9.7812342750
9.5569882080,0.0856219482,-0.0984951782,-0.0483494570,9.7625229190
9.5670182080,0.0711021423,-0.0779878235,-0.0356259160,9.7749438030
9.5770482080,0.0609233093,-0.0748443603,-0.0326321410,9.7778441170
9.5870782080,0.0721499634,-0.0764909363,-0.0166154480,9.7939490230
9.5971092080,0.0615220642,-0.0796343994,-0.0390687560,9.7714494310
9.6071402080,0.0441581726,-0.0821791077,-0.0450563050,9.7653893280
9.6171702080,0.0565823364,-0.0717008972,-0.0368234250,9.7736033750
9.6272002080,0.0645158386,-0.0978964233,-0.0386196900,9.7720836660
9.6372302080,0.0594264221,-0.0790356445,-0.0293389890,9.7811608690
9.6472592080,0.0706530762,-0.0890647888,-0.0235011290,9.7871591660
9.6572902080,0.0628692627,-0.0986448669,-0.0276924130,9.7830069550
9.6673202080,0.0669108582,-0.0878672790,-0.0281414790,9.7824819880
9.6773492080,0.0696052551,-0.0787362671,-0.0434097290,9.7671556660
9.6873782080,0.0504450989,-0.0823287964,-0.0251477050,9.7853286700
9.6974082080,0.0444575501,-0.0913101196,-0.0342787170,9.7762488010
9.7074382080,0.0667611694,-0.0838256836,-0.0447569270,9.7658310480
9.7174672080,0.0612226868,-0.0931063843,-0.0291893010,9.7814454430
9.7274972080,0.0693058777,-0.0881666565,-0.0356259160,9.7750174120
9.7375262080,0.0758921814,-0.0781375122,-0.0423619080,9.7682454410
9.7475562080,0.0556842041,-0.0935554504,-0.0302371220,9.7803688740
9.7575872080,0.0818797302,-0.0842747498,-0.0151185610,9.7955861960
9.7676162080,0.0842747498,-0.0740959168,-0.0375718690,9.7730723940
9.7776462080,0.0749940491,-0.0757424927,-0.0357756040,9.7748055520
9.7876762080,0.0749940491,-0.0812809753,-0.0378712460,9.7727545290
9.7977062080,0.0547860718,-0.0797840881,-0.0300874330,9.7803914460
9.8077362080,0.0757424927,-0.0808319092,-0.0293389890,9.7812882860
9.8177662080,0.0519419861,-0.0802331543,-0.0193098450,9.7911566750
9.8277962080,0.0577798462,-0.0892144775,-0.0324824520,9.7780952710
9.8378262080,0.0573307800,-0.0961001587,-0.0266445920,9.7839953540
9.8478562080,0.0631686401,-0.1014889526,-0.0507444760,9.7599876360
9.8578872080,0.0751437378,-0.0904119873,-0.0320333860,9.7786733260
9.8679162080,0.0582289124,-0.0767903137,-0.0200582890,9.7904160320
9.8779462080,0.0669108582,-0.0814306641,-0.0461041260,9.7644646890
9.8879762080,0.0715512085,-0.0785865784,-0.0393681340,9.7712098790
9.8980062080,0.0354762268,-0.0684077454,-0.0232017520,9.7871016210
9.9080362080,0.0470022583,-0.0737965393,-0.0248483280,9.7855428260
9.9180662080,0.0514929199,-0.0781375122,-0.0267942810,9.7836532610
9.9280935000,0.0693058777,-0.0847238159,-0.0335302730,9.7770824760
9.9381245000,0.0739462280,-0.0877175903,-0.0272433470,9.7834293650
9.9481545000,0.0595761108,-0.0901126099,-0.0181123350,9.7924835270
9.9581855000,0.0818797302,-0.0925076294,-0.0232017520,9.7875779390
9.9682155000,0.0724493408,-0.0836759949,-0.0287402340,9.7818859730
9.9782465000,0.0702040100,-0.0720002747,-0.0261955260,9.7843212650
9.9882775000,0.0796343994,-0.0769400024,-0.0217048650,9.7889214450
9.9983075000,0.0580792236,-0.0660127258,-0.0374221800,9.7729733510
10.0083375000,0.0471519470,-0.0878672790,-0.0365240480,9.7739846610
